name;length;20;37;45
>hsa-mir-6514 MI0022226 Homo sapiens miR-6514 stem-loop;70;17;21;34;
>random_seq_from_cds__NO_61860;88;47;53;56;
>random_seq_from_cds__NO_57364;84;55;55;59;
>random_seq_from_cds__NO_55185;70;25;30;33;
>random_seq_from_cds__NO_56038;82;37;44;46;
>random_seq_from_cds__NO_49731;110;70;70;73;
>hsa-mir-6506 MI0022218 Homo sapiens miR-6506 stem-loop;66;23;24;26;
>hsa-mir-224 MI0000301 Homo sapiens miR-224 stem-loop;81;9;12;13;
>hsa-mir-1288 MI0006432 Homo sapiens miR-1288 stem-loop;75;22;26;30;
>hsa-mir-587 MI0003595 Homo sapiens miR-587 stem-loop;96;10;14;17;
>hsa-mir-4489 MI0016850 Homo sapiens miR-4489 stem-loop;62;14;18;21;
>random_seq_from_cds__NO_62703;106;69;72;72;
>random_seq_from_cds__NO_23579;78;29;34;32;
>hsa-mir-1272 MI0006408 Homo sapiens miR-1272 stem-loop;129;22;29;36;
>hsa-mir-5739 MI0019412 Homo sapiens miR-5739 stem-loop;80;39;46;49;
>random_seq_from_cds__NO_55173;89;53;67;61;
>random_seq_from_cds__NO_40934;70;38;42;43;
>hsa-mir-3163 MI0014193 Homo sapiens miR-3163 stem-loop;73;3;3;3;
>random_seq_from_cds__NO_40928;73;30;36;41;
>random_seq_from_cds__NO_67153;86;30;39;44;
>random_seq_from_cds__NO_13776;81;47;50;53;
>hsa-mir-615 MI0003628 Homo sapiens miR-615 stem-loop;96;9;11;12;
>random_seq_from_cds__NO_45381;82;49;53;49;
>random_seq_from_cds__NO_50709;82;44;53;55;
>random_seq_from_cds__NO_12470;73;30;32;36;
>random_seq_from_cds__NO_516;75;29;45;42;
>hsa-mir-4296 MI0015823 Homo sapiens miR-4296 stem-loop;88;45;56;60;
>hsa-mir-4307 MI0015838 Homo sapiens miR-4307 stem-loop;84;21;26;29;
>hsa-mir-5100 MI0019116 Homo sapiens miR-5100 stem-loop;119;73;78;77;
>hsa-mir-506 MI0003193 Homo sapiens miR-506 stem-loop;124;23;19;21;
>random_seq_from_cds__NO_5316;90;59;63;65;
>random_seq_from_cds__NO_39913;71;26;31;34;
>hsa-mir-4638 MI0017265 Homo sapiens miR-4638 stem-loop;68;30;30;32;
>hsa-mir-660 MI0003684 Homo sapiens miR-660 stem-loop;97;34;41;47;
>random_seq_from_cds__NO_46684;86;20;31;40;
>random_seq_from_cds__NO_68470;95;50;54;59;
>hsa-mir-548ap MI0017875 Homo sapiens miR-548ap stem-loop;96;10;14;20;
>random_seq_from_cds__NO_45350;99;59;62;65;
>random_seq_from_cds__NO_15971;72;43;41;45;
>random_seq_from_cds__NO_69799;110;73;76;79;
>random_seq_from_cds__NO_20089;86;56;64;56;
>random_seq_from_cds__NO_46699;89;30;40;41;
>hsa-mir-1973 MI0009983 Homo sapiens miR-1973 stem-loop;44;34;35;35;
>random_seq_from_cds__NO_34234;74;17;19;19;
>random_seq_from_cds__NO_27956;86;46;51;61;
>hsa-mir-548x MI0014244 Homo sapiens miR-548x stem-loop;75;5;9;10;
>random_seq_from_cds__NO_58661;85;38;42;49;
>hsa-mir-1324 MI0006657 Homo sapiens miR-1324 stem-loop;96;51;60;69;
>hsa-mir-632 MI0003647 Homo sapiens miR-632 stem-loop;94;38;43;51;
>random_seq_from_cds__NO_16826;84;43;44;47;
>random_seq_from_cds__NO_67131;80;32;36;36;
>random_seq_from_cds__NO_69796;78;44;45;48;
>hsa-mir-1295a MI0006357 Homo sapiens miR-1295a stem-loop;79;9;12;13;
>random_seq_from_cds__NO_39927;86;55;54;65;
>random_seq_from_cds__NO_38640;84;33;35;40;
>random_seq_from_cds__NO_39976;85;51;55;61;
>hsa-mir-137 MI0000454 Homo sapiens miR-137 stem-loop;102;17;21;24;
>random_seq_from_cds__NO_61424;71;18;20;23;
>random_seq_from_cds__NO_24476;75;40;47;50;
>hsa-mir-4445 MI0016788 Homo sapiens miR-4445 stem-loop;70;6;8;8;
>hsa-mir-4700 MI0017333 Homo sapiens miR-4700 stem-loop;74;9;13;18;
>random_seq_from_cds__NO_34292;90;70;75;78;
>hsa-mir-193b MI0003137 Homo sapiens miR-193b stem-loop;83;12;19;21;
>hsa-mir-761 MI0003941 Homo sapiens miR-761 stem-loop;59;5;6;7;
>random_seq_from_cds__NO_25799;80;39;44;49;
>hsa-mir-3915 MI0016420 Homo sapiens miR-3915 stem-loop;97;1;5;4;
>random_seq_from_cds__NO_5793;79;40;45;47;
>hsa-mir-4509-2 MI0016874 Homo sapiens miR-4509-2 stem-loop;94;5;5;6;
>hsa-mir-4287 MI0015895 Homo sapiens miR-4287 stem-loop;78;20;30;37;
>random_seq_from_cds__NO_50763;71;30;31;35;
>random_seq_from_cds__NO_27974;72;35;42;41;
>random_seq_from_cds__NO_50767;75;40;41;40;
>random_seq_from_cds__NO_35149;82;39;42;48;
>hsa-mir-6500 MI0022211 Homo sapiens miR-6500 stem-loop;86;8;11;15;
>hsa-mir-548o MI0006402 Homo sapiens miR-548o stem-loop;114;70;71;76;
>random_seq_from_cds__NO_36441;85;28;36;39;
>random_seq_from_cds__NO_29703;81;37;45;44;
>random_seq_from_cds__NO_24493;78;45;48;48;
>random_seq_from_cds__NO_69360;72;29;36;34;
>hsa-mir-148a MI0000253 Homo sapiens miR-148a stem-loop;68;14;15;16;
>random_seq_from_cds__NO_24496;69;33;33;37;
>random_seq_from_cds__NO_2247;88;44;48;57;
>hsa-mir-6503 MI0022215 Homo sapiens miR-6503 stem-loop;86;9;8;8;
>random_seq_from_cds__NO_69359;72;31;34;30;
>random_seq_from_cds__NO_47106;71;29;30;35;
>random_seq_from_cds__NO_72523;69;33;36;29;
>random_seq_from_cds__NO_60544;74;38;41;43;
>random_seq_from_cds__NO_70343;81;47;52;55;
>random_seq_from_cds__NO_56046;86;63;68;68;
>hsa-mir-3935 MI0016591 Homo sapiens miR-3935 stem-loop;104;54;55;57;
>random_seq_from_cds__NO_62728;81;45;47;48;
>random_seq_from_cds__NO_27990;102;61;61;63;
>random_seq_from_cds__NO_6615;90;52;59;59;
>random_seq_from_cds__NO_57379;110;67;73;75;
>hsa-mir-4661 MI0017289 Homo sapiens miR-4661 stem-loop;75;4;4;5;
>random_seq_from_cds__NO_47587;78;32;37;41;
>random_seq_from_cds__NO_37307;87;44;57;60;
>hsa-mir-3144 MI0014169 Homo sapiens miR-3144 stem-loop;79;11;11;10;
>hsa-mir-301b MI0005568 Homo sapiens miR-301b stem-loop;78;18;21;25;
>random_seq_from_cds__NO_44078;102;56;73;75;
>random_seq_from_cds__NO_68415;86;8;10;10;
>random_seq_from_cds__NO_65388;89;54;61;67;
>hsa-mir-129-1 MI0000252 Homo sapiens miR-129-1 stem-loop;72;10;19;22;
>random_seq_from_cds__NO_32462;85;39;47;52;
>hsa-mir-1303 MI0006370 Homo sapiens miR-1303 stem-loop;86;6;7;9;
>hsa-mir-1208 MI0006341 Homo sapiens miR-1208 stem-loop;73;37;38;35;
>random_seq_from_cds__NO_9779;82;36;45;47;
>random_seq_from_cds__NO_29289;72;36;39;41;
>random_seq_from_cds__NO_29288;110;74;70;71;
>random_seq_from_cds__NO_13706;110;72;74;73;
>hsa-mir-6082 MI0020359 Homo sapiens miR-6082 stem-loop;109;43;56;62;
>random_seq_from_cds__NO_56433;98;53;54;57;
>random_seq_from_cds__NO_33798;71;35;32;31;
>random_seq_from_cds__NO_65381;110;65;67;69;
>hsa-mir-4442 MI0016785 Homo sapiens miR-4442 stem-loop;67;14;16;19;
>hsa-mir-4274 MI0015884 Homo sapiens miR-4274 stem-loop;91;48;48;49;
>random_seq_from_cds__NO_63198;62;30;32;32;
>hsa-mir-222 MI0000299 Homo sapiens miR-222 stem-loop;110;28;32;40;
>hsa-mir-4451 MI0016797 Homo sapiens miR-4451 stem-loop;66;11;15;19;
>hsa-mir-9-1 MI0000466 Homo sapiens miR-9-1 stem-loop;89;9;12;12;
>hsa-mir-5706 MI0019314 Homo sapiens miR-5706 stem-loop;80;6;6;7;
>hsa-mir-4697 MI0017330 Homo sapiens miR-4697 stem-loop;78;7;7;8;
>hsa-mir-376b MI0002466 Homo sapiens miR-376b stem-loop;100;15;15;18;
>hsa-mir-5096 MI0018004 Homo sapiens miR-5096 stem-loop;70;10;15;15;
>random_seq_from_cds__NO_20499;75;8;9;9;
>random_seq_from_cds__NO_67547;83;42;52;54;
>random_seq_from_cds__NO_21345;81;53;47;54;
>hsa-mir-1914 MI0008335 Homo sapiens miR-1914 stem-loop;80;21;23;28;
>hsa-mir-377 MI0000785 Homo sapiens miR-377 stem-loop;69;6;10;12;
>random_seq_from_cds__NO_52054;90;54;58;67;
>random_seq_from_cds__NO_23527;84;42;44;50;
>random_seq_from_cds__NO_55564;100;67;70;73;
>random_seq_from_cds__NO_55566;86;41;49;51;
>hsa-mir-4759 MI0017400 Homo sapiens miR-4759 stem-loop;83;6;8;8;
>random_seq_from_cds__NO_63177;95;37;43;42;
>random_seq_from_cds__NO_24849;79;45;45;45;
>hsa-mir-3914-2 MI0016421 Homo sapiens miR-3914-2 stem-loop;95;15;14;14;
>random_seq_from_cds__NO_66689;92;29;32;33;
>hsa-mir-4261 MI0015868 Homo sapiens miR-4261 stem-loop;58;13;21;21;
>hsa-mir-4506 MI0016869 Homo sapiens miR-4506 stem-loop;77;13;18;21;
>hsa-mir-3614 MI0016004 Homo sapiens miR-3614 stem-loop;86;16;21;22;
>hsa-mir-4425 MI0016764 Homo sapiens miR-4425 stem-loop;84;4;4;4;
>random_seq_from_cds__NO_54221;73;38;34;38;
>hsa-mir-4690 MI0017323 Homo sapiens miR-4690 stem-loop;60;8;13;15;
>hsa-mir-1257 MI0006391 Homo sapiens miR-1257 stem-loop;117;65;73;72;
>random_seq_from_cds__NO_8435;88;34;46;47;
>random_seq_from_cds__NO_31122;87;49;59;62;
>random_seq_from_cds__NO_55555;86;52;50;50;
>hsa-mir-4727 MI0017364 Homo sapiens miR-4727 stem-loop;55;7;9;10;
>random_seq_from_cds__NO_12862;110;42;56;58;
>hsa-mir-5189 MI0018168 Homo sapiens miR-5189 stem-loop;114;46;52;60;
>random_seq_from_cds__NO_65352;110;66;71;68;
>hsa-mir-4485 MI0016846 Homo sapiens miR-4485 stem-loop;57;29;28;26;
>hsa-mir-485 MI0002469 Homo sapiens miR-485 stem-loop;73;10;13;13;
>hsa-mir-16-2 MI0000115 Homo sapiens miR-16-2 stem-loop;81;13;16;19;
>random_seq_from_cds__NO_71627;84;54;56;63;
>hsa-mir-325 MI0000824 Homo sapiens miR-325 stem-loop;98;35;50;59;
>hsa-mir-1278 MI0006425 Homo sapiens miR-1278 stem-loop;81;4;4;6;
>hsa-mir-3938 MI0016594 Homo sapiens miR-3938 stem-loop;103;11;14;22;
>random_seq_from_cds__NO_33352;110;75;80;82;
>random_seq_from_cds__NO_23547;80;42;43;40;
>random_seq_from_cds__NO_6231;90;24;37;52;
>hsa-mir-4280 MI0015889 Homo sapiens miR-4280 stem-loop;76;13;15;13;
>hsa-mir-219-1 MI0000296 Homo sapiens miR-219-1 stem-loop;110;15;18;22;
>hsa-mir-34c MI0000743 Homo sapiens miR-34c stem-loop;77;5;9;11;
>random_seq_from_cds__NO_64094;89;43;51;54;
>random_seq_from_cds__NO_67124;80;39;44;48;
>random_seq_from_cds__NO_69782;100;30;36;45;
>hsa-mir-30c-2 MI0000254 Homo sapiens miR-30c-2 stem-loop;72;10;18;23;
>random_seq_from_cds__NO_57793;110;73;83;80;
>hsa-mir-4654 MI0017282 Homo sapiens miR-4654 stem-loop;76;6;10;13;
>hsa-mir-770 MI0005118 Homo sapiens miR-770 stem-loop;98;15;20;20;
>random_seq_from_cds__NO_23538;78;40;43;47;
>hsa-let-7f-1 MI0000067 Homo sapiens let-7f-1 stem-loop;87;10;12;14;
>hsa-mir-381 MI0000789 Homo sapiens miR-381 stem-loop;75;7;11;14;
>random_seq_from_cds__NO_35545;78;23;31;37;
>random_seq_from_cds__NO_44012;81;18;23;27;
>hsa-mir-5682 MI0019282 Homo sapiens miR-5682 stem-loop;76;3;4;5;
>hsa-mir-550a-3 MI0003762 Homo sapiens miR-550a-3 stem-loop;95;17;20;20;
>hsa-mir-3942 MI0016599 Homo sapiens miR-3942 stem-loop;109;9;11;12;
>hsa-mir-4479 MI0016838 Homo sapiens miR-4479 stem-loop;71;15;19;18;
>random_seq_from_cds__NO_68439;81;42;47;51;
>hsa-mir-3617 MI0016007 Homo sapiens miR-3617 stem-loop;79;9;12;18;
>hsa-mir-4436a MI0016776 Homo sapiens miR-4436a stem-loop;85;6;5;5;
>random_seq_from_cds__NO_8872;110;67;72;78;
>random_seq_from_cds__NO_60957;80;26;33;42;
>hsa-mir-4657 MI0017285 Homo sapiens miR-4657 stem-loop;53;5;7;7;
>hsa-mir-4671 MI0017302 Homo sapiens miR-4671 stem-loop;73;4;4;4;
>random_seq_from_cds__NO_54273;69;20;31;35;
>hsa-mir-5197 MI0018176 Homo sapiens miR-5197 stem-loop;112;61;70;75;
>hsa-mir-1273c MI0014171 Homo sapiens miR-1273c stem-loop;77;3;4;5;
>hsa-mir-143 MI0000459 Homo sapiens miR-143 stem-loop;106;19;32;33;
>hsa-mir-4793 MI0017440 Homo sapiens miR-4793 stem-loop;87;33;37;43;
>random_seq_from_cds__NO_67100;80;42;46;48;
>random_seq_from_cds__NO_35518;84;50;56;55;
>hsa-mir-4693 MI0017326 Homo sapiens miR-4693 stem-loop;75;8;10;11;
>random_seq_from_cds__NO_27919;75;43;40;42;
>hsa-mir-3137 MI0014160 Homo sapiens miR-3137 stem-loop;75;9;9;9;
>hsa-mir-1976 MI0009986 Homo sapiens miR-1976 stem-loop;52;3;5;5;
>random_seq_from_cds__NO_55110;110;56;61;65;
>hsa-mir-4707 MI0017340 Homo sapiens miR-4707 stem-loop;80;13;17;17;
>hsa-mir-1271 MI0003814 Homo sapiens miR-1271 stem-loop;86;7;7;8;
>hsa-mir-4535 MI0016903 Homo sapiens miR-4535 stem-loop;59;15;21;20;
>random_seq_from_cds__NO_32014;87;53;61;63;
>hsa-mir-4724 MI0017361 Homo sapiens miR-4724 stem-loop;89;22;25;27;
>random_seq_from_cds__NO_37703;81;42;46;53;
>hsa-mir-1183 MI0006276 Homo sapiens miR-1183 stem-loop;89;47;52;55;
>random_seq_from_cds__NO_36859;82;44;49;51;
>random_seq_from_cds__NO_42303;97;46;58;70;
>hsa-mir-3667 MI0016068 Homo sapiens miR-3667 stem-loop;74;3;3;3;
>random_seq_from_cds__NO_43635;87;28;41;41;
>hsa-mir-637 MI0003652 Homo sapiens miR-637 stem-loop;99;59;66;72;
>hsa-mir-16-1 MI0000070 Homo sapiens miR-16-1 stem-loop;89;18;19;21;
>random_seq_from_cds__NO_1897;89;52;60;62;
>random_seq_from_cds__NO_9386;81;44;49;52;
>random_seq_from_cds__NO_53444;84;34;35;40;
>random_seq_from_cds__NO_57802;80;25;29;33;
>random_seq_from_cds__NO_32505;80;23;28;35;
>random_seq_from_cds__NO_19997;81;47;53;51;
>random_seq_from_cds__NO_41469;95;33;50;57;
>random_seq_from_cds__NO_62388;89;59;59;61;
>random_seq_from_cds__NO_18665;109;71;75;77;
>hsa-mir-6124 MI0021258 Homo sapiens miR-6124 stem-loop;85;14;17;22;
>hsa-mir-489 MI0003124 Homo sapiens miR-489 stem-loop;84;10;12;15;
>random_seq_from_cds__NO_18661;75;34;36;38;
>hsa-mir-1261 MI0006396 Homo sapiens miR-1261 stem-loop;82;33;35;41;
>hsa-mir-1911 MI0008332 Homo sapiens miR-1911 stem-loop;80;17;23;26;
>hsa-mir-571 MI0003578 Homo sapiens miR-571 stem-loop;96;33;53;64;
>random_seq_from_cds__NO_4932;81;27;29;35;
>random_seq_from_cds__NO_48090;67;24;31;34;
>random_seq_from_cds__NO_18216;81;33;40;44;
>hsa-mir-4796 MI0017443 Homo sapiens miR-4796 stem-loop;81;5;5;5;
>random_seq_from_cds__NO_1877;92;48;61;70;
>hsa-mir-4738 MI0017376 Homo sapiens miR-4738 stem-loop;87;6;11;14;
>random_seq_from_cds__NO_63227;72;30;43;42;
>hsa-mir-146b MI0003129 Homo sapiens miR-146b stem-loop;73;7;11;15;
>hsa-mir-4743 MI0017381 Homo sapiens miR-4743 stem-loop;69;7;8;11;
>random_seq_from_cds__NO_12917;82;42;46;50;
>random_seq_from_cds__NO_2721;110;68;72;74;
>hsa-mir-361 MI0000760 Homo sapiens miR-361 stem-loop;72;4;5;5;
>random_seq_from_cds__NO_27160;106;61;64;65;
>random_seq_from_cds__NO_49391;110;28;40;54;
>hsa-mir-5579 MI0019133 Homo sapiens miR-5579 stem-loop;58;4;6;8;
>hsa-mir-3146 MI0014172 Homo sapiens miR-3146 stem-loop;79;8;7;6;
>random_seq_from_cds__NO_33814;72;35;38;42;
>random_seq_from_cds__NO_65873;73;37;40;38;
>hsa-mir-4463 MI0016811 Homo sapiens miR-4463 stem-loop;67;9;11;14;
>random_seq_from_cds__NO_187;77;42;48;51;
>hsa-mir-5194 MI0018173 Homo sapiens miR-5194 stem-loop;120;19;22;20;
>hsa-mir-4490 MI0016852 Homo sapiens miR-4490 stem-loop;84;3;5;5;
>random_seq_from_cds__NO_30313;78;44;48;54;
>random_seq_from_cds__NO_28487;110;62;63;64;
>random_seq_from_cds__NO_10728;74;31;38;40;
>random_seq_from_cds__NO_8038;110;73;78;79;
>hsa-mir-4524a MI0016891 Homo sapiens miR-4524a stem-loop;69;4;4;4;
>random_seq_from_cds__NO_53892;68;31;32;33;
>hsa-mir-544b MI0014159 Homo sapiens miR-544b stem-loop;78;38;47;51;
>hsa-mir-380 MI0000788 Homo sapiens miR-380 stem-loop;61;5;6;9;
>random_seq_from_cds__NO_29339;86;46;50;50;
>random_seq_from_cds__NO_30795;81;51;58;62;
>hsa-mir-4722 MI0017357 Homo sapiens miR-4722 stem-loop;60;17;23;25;
>hsa-mir-4473 MI0016825 Homo sapiens miR-4473 stem-loop;91;9;9;11;
>hsa-mir-711 MI0012488 Homo sapiens miR-711 stem-loop;76;14;23;30;
>random_seq_from_cds__NO_69825;92;34;37;46;
>hsa-mir-556 MI0003562 Homo sapiens miR-556 stem-loop;95;9;11;13;
>random_seq_from_cds__NO_24919;71;33;35;36;
>hsa-mir-125b-1 MI0000446 Homo sapiens miR-125b-1 stem-loop;88;10;12;15;
>hsa-mir-675 MI0005416 Homo sapiens miR-675 stem-loop;73;4;6;7;
>random_seq_from_cds__NO_21887;78;41;42;41;
>random_seq_from_cds__NO_39173;86;60;57;60;
>hsa-mir-1245a MI0006380 Homo sapiens miR-1245a stem-loop;70;8;7;8;
>random_seq_from_cds__NO_12937;85;50;54;53;
>random_seq_from_cds__NO_41493;86;57;61;58;
>random_seq_from_cds__NO_12935;85;35;44;44;
>random_seq_from_cds__NO_27183;87;37;43;50;
>hsa-mir-4780 MI0017424 Homo sapiens miR-4780 stem-loop;81;11;13;14;
>random_seq_from_cds__NO_19558;82;46;53;58;
>hsa-mir-378a MI0000786 Homo sapiens miR-378a stem-loop;66;7;7;7;
>random_seq_from_cds__NO_64126;110;73;76;75;
>hsa-mir-3606 MI0015996 Homo sapiens miR-3606 stem-loop;63;10;11;14;
>hsa-mir-196a-1 MI0000238 Homo sapiens miR-196a-1 stem-loop;70;5;6;9;
>random_seq_from_cds__NO_69818;71;36;38;39;
>random_seq_from_cds__NO_51292;72;30;33;37;
>random_seq_from_cds__NO_21877;87;36;46;47;
>hsa-mir-6071 MI0020348 Homo sapiens miR-6071 stem-loop;78;42;43;47;
>hsa-mir-1273f MI0018002 Homo sapiens miR-1273f stem-loop;99;14;19;22;
>hsa-mir-6499 MI0022209 Homo sapiens miR-6499 stem-loop;62;21;24;30;
>hsa-mir-3909 MI0016413 Homo sapiens miR-3909 stem-loop;119;23;24;31;
>random_seq_from_cds__NO_66780;88;42;50;55;
>random_seq_from_cds__NO_69802;70;39;41;39;
>random_seq_from_cds__NO_44502;94;66;64;61;
>random_seq_from_cds__NO_63264;86;54;64;73;
>random_seq_from_cds__NO_21429;81;50;47;54;
>hsa-mir-592 MI0003604 Homo sapiens miR-592 stem-loop;97;67;64;63;
>random_seq_from_cds__NO_45831;86;49;61;64;
>hsa-mir-196a-2 MI0000279 Homo sapiens miR-196a-2 stem-loop;110;19;26;29;
>hsa-mir-4503 MI0016866 Homo sapiens miR-4503 stem-loop;83;6;11;13;
>hsa-mir-653 MI0003674 Homo sapiens miR-653 stem-loop;96;14;20;24;
>hsa-mir-6717 MI0022551 Homo sapiens miR-6717 stem-loop;73;17;17;17;
>random_seq_from_cds__NO_43659;87;36;47;56;
>hsa-mir-132 MI0000449 Homo sapiens miR-132 stem-loop;101;16;24;27;
>hsa-mir-320b-1 MI0003776 Homo sapiens miR-320b-1 stem-loop;79;10;10;13;
>random_seq_from_cds__NO_55645;102;68;67;70;
>random_seq_from_cds__NO_34701;89;42;40;43;
>hsa-mir-4799 MI0017446 Homo sapiens miR-4799 stem-loop;74;1;1;1;
>random_seq_from_cds__NO_52136;110;73;68;75;
>hsa-mir-3193 MI0014238 Homo sapiens miR-3193 stem-loop;55;10;15;15;
>hsa-mir-7-2 MI0000264 Homo sapiens miR-7-2 stem-loop;110;16;19;26;
>random_seq_from_cds__NO_12955;81;39;47;50;
>random_seq_from_cds__NO_57829;110;58;72;65;
>random_seq_from_cds__NO_68943;84;11;17;23;
>hsa-mir-4254 MI0015862 Homo sapiens miR-4254 stem-loop;76;6;12;11;
>hsa-mir-4519 MI0016885 Homo sapiens miR-4519 stem-loop;58;24;28;27;
>random_seq_from_cds__NO_43662;80;39;47;50;
>random_seq_from_cds__NO_65435;79;38;41;46;
>hsa-mir-4788 MI0017435 Homo sapiens miR-4788 stem-loop;80;2;2;2;
>hsa-mir-545 MI0003516 Homo sapiens miR-545 stem-loop;106;26;34;37;
>random_seq_from_cds__NO_51273;78;41;50;52;
>hsa-mir-3960 MI0016964 Homo sapiens miR-3960 stem-loop;91;11;14;17;
>random_seq_from_cds__NO_54304;81;50;50;52;
>hsa-mir-449a MI0001648 Homo sapiens miR-449a stem-loop;91;8;13;11;
>hsa-mir-607 MI0003620 Homo sapiens miR-607 stem-loop;96;3;3;3;
>hsa-mir-3065 MI0014228 Homo sapiens miR-3065 stem-loop;79;13;13;14;
>random_seq_from_cds__NO_12940;80;35;37;40;
>hsa-mir-219-2 MI0000740 Homo sapiens miR-219-2 stem-loop;97;18;22;24;
>hsa-mir-2861 MI0013006 Homo sapiens miR-2861 stem-loop;90;17;18;23;
>hsa-mir-3923 MI0016430 Homo sapiens miR-3923 stem-loop;83;3;3;3;
>hsa-mir-6090 MI0020367 Homo sapiens miR-6090 stem-loop;60;15;24;25;
>hsa-mir-4449 MI0016792 Homo sapiens miR-4449 stem-loop;66;8;13;15;
>hsa-mir-671 MI0003760 Homo sapiens miR-671 stem-loop;118;12;18;20;
>hsa-mir-3529 MI0017351 Homo sapiens miR-3529 stem-loop;78;8;13;16;
>hsa-mir-5692a-2 MI0019298 Homo sapiens miR-5692a-2 stem-loop;59;5;7;11;
>random_seq_from_cds__NO_68093;85;51;52;52;
>random_seq_from_cds__NO_51667;99;67;71;70;
>hsa-mir-4803 MI0017451 Homo sapiens miR-4803 stem-loop;74;4;4;4;
>hsa-mir-4437 MI0016778 Homo sapiens miR-4437 stem-loop;60;1;4;4;
>random_seq_from_cds__NO_12047;84;60;62;69;
>hsa-mir-1233-2 MI0015973 Homo sapiens miR-1233-2 stem-loop;82;22;22;24;
>random_seq_from_cds__NO_48019;79;33;38;45;
>hsa-mir-10a MI0000266 Homo sapiens miR-10a stem-loop;110;23;35;40;
>random_seq_from_cds__NO_59136;80;49;56;55;
>random_seq_from_cds__NO_1023;71;32;31;34;
>hsa-mir-4419b MI0016861 Homo sapiens miR-4419b stem-loop;68;27;33;36;
>random_seq_from_cds__NO_2360;87;27;45;46;
>hsa-mir-372 MI0000780 Homo sapiens miR-372 stem-loop;67;17;22;25;
>random_seq_from_cds__NO_28866;87;49;52;56;
>hsa-mir-499a MI0003183 Homo sapiens miR-499a stem-loop;122;8;8;9;
>random_seq_from_cds__NO_52985;72;35;27;31;
>hsa-mir-5010 MI0017878 Homo sapiens miR-5010 stem-loop;120;24;24;27;
>random_seq_from_cds__NO_16409;110;67;72;78;
>random_seq_from_cds__NO_51656;87;39;39;52;
>hsa-mir-190a MI0000486 Homo sapiens miR-190a stem-loop;85;8;15;16;
>random_seq_from_cds__NO_17738;87;52;47;52;
>hsa-mir-3927 MI0016435 Homo sapiens miR-3927 stem-loop;71;4;4;4;
>random_seq_from_cds__NO_41830;77;44;45;46;
>random_seq_from_cds__NO_12073;70;40;40;37;
>hsa-mir-3171 MI0014202 Homo sapiens miR-3171 stem-loop;74;15;20;21;
>hsa-mir-1301 MI0003815 Homo sapiens miR-1301 stem-loop;82;9;12;12;
>hsa-mir-124-3 MI0000445 Homo sapiens miR-124-3 stem-loop;87;16;17;16;
>hsa-mir-516b-2 MI0003167 Homo sapiens miR-516b-2 stem-loop;85;10;11;13;
>random_seq_from_cds__NO_27561;75;38;43;42;
>random_seq_from_cds__NO_27568;110;71;71;72;
>random_seq_from_cds__NO_25382;75;41;41;41;
>random_seq_from_cds__NO_28890;84;42;48;49;
>random_seq_from_cds__NO_61431;72;23;28;34;
>random_seq_from_cds__NO_62762;69;28;23;25;
>hsa-mir-584 MI0003591 Homo sapiens miR-584 stem-loop;97;10;13;14;
>hsa-mir-4496 MI0016858 Homo sapiens miR-4496 stem-loop;61;25;29;28;
>random_seq_from_cds__NO_4997;81;43;55;54;
>random_seq_from_cds__NO_52967;74;33;40;42;
>random_seq_from_cds__NO_52966;88;55;54;50;
>hsa-mir-3121 MI0014137 Homo sapiens miR-3121 stem-loop;77;4;4;6;
>random_seq_from_cds__NO_41896;110;50;58;69;
>random_seq_from_cds__NO_18636;94;59;61;60;
>random_seq_from_cds__NO_41898;69;23;27;29;
>random_seq_from_cds__NO_24074;77;41;48;52;
>hsa-mir-4507 MI0016871 Homo sapiens miR-4507 stem-loop;52;22;20;19;
>hsa-mir-6718 MI0022553 Homo sapiens miR-6718 stem-loop;80;1;3;4;
>random_seq_from_cds__NO_31614;110;74;77;80;
>hsa-mir-4438 MI0016781 Homo sapiens miR-4438 stem-loop;93;1;2;4;
>random_seq_from_cds__NO_44933;100;49;61;62;
>random_seq_from_cds__NO_38255;86;30;42;41;
>hsa-mir-5588 MI0019147 Homo sapiens miR-5588 stem-loop;63;4;6;5;
>random_seq_from_cds__NO_44938;72;42;44;45;
>hsa-mir-1238 MI0006328 Homo sapiens miR-1238 stem-loop;83;36;47;49;
>random_seq_from_cds__NO_54723;87;39;47;55;
>hsa-mir-100 MI0000102 Homo sapiens miR-100 stem-loop;80;23;26;31;
>random_seq_from_cds__NO_39109;97;65;68;67;
>random_seq_from_cds__NO_20975;81;57;56;60;
>hsa-mir-4472-1 MI0016823 Homo sapiens miR-4472-1 stem-loop;80;15;21;22;
>hsa-mir-1185-2 MI0003821 Homo sapiens miR-1185-2 stem-loop;86;9;14;13;
>hsa-mir-3924 MI0016432 Homo sapiens miR-3924 stem-loop;81;14;15;14;
>hsa-mir-99a MI0000101 Homo sapiens miR-99a stem-loop;81;12;11;12;
>random_seq_from_cds__NO_28457;88;55;52;54;
>hsa-mir-4705 MI0017338 Homo sapiens miR-4705 stem-loop;71;1;3;4;
>hsa-mir-4723 MI0017359 Homo sapiens miR-4723 stem-loop;81;9;11;15;
>hsa-mir-4776-1 MI0017419 Homo sapiens miR-4776-1 stem-loop;80;2;3;3;
>hsa-mir-3176 MI0014210 Homo sapiens miR-3176 stem-loop;90;30;24;24;
>hsa-mir-934 MI0005756 Homo sapiens miR-934 stem-loop;83;3;3;4;
>random_seq_from_cds__NO_18642;73;35;39;38;
>hsa-mir-5095 MI0018001 Homo sapiens miR-5095 stem-loop;88;5;6;6;
>hsa-mir-4465 MI0016816 Homo sapiens miR-4465 stem-loop;70;1;1;1;
>hsa-mir-5001 MI0017867 Homo sapiens miR-5001 stem-loop;100;28;34;34;
>hsa-mir-586 MI0003594 Homo sapiens miR-586 stem-loop;97;9;11;10;
>hsa-mir-4768 MI0017409 Homo sapiens miR-4768 stem-loop;74;5;8;8;
>hsa-mir-2113 MI0003939 Homo sapiens miR-2113 stem-loop;91;14;16;19;
>random_seq_from_cds__NO_52523;68;30;32;32;
>hsa-mir-181b-2 MI0000683 Homo sapiens miR-181b-2 stem-loop;89;13;18;30;
>random_seq_from_cds__NO_54703;87;34;47;52;
>random_seq_from_cds__NO_32936;87;56;62;65;
>hsa-mir-4433 MI0016773 Homo sapiens miR-4433 stem-loop;81;5;5;7;
>random_seq_from_cds__NO_27592;70;28;32;36;
>hsa-mir-3200 MI0014249 Homo sapiens miR-3200 stem-loop;85;14;28;32;
>hsa-mir-203a MI0000283 Homo sapiens miR-203a stem-loop;110;18;19;23;
>hsa-mir-4306 MI0015836 Homo sapiens miR-4306 stem-loop;91;28;45;46;
>hsa-mir-4252 MI0015864 Homo sapiens miR-4252 stem-loop;63;13;22;25;
>random_seq_from_cds__NO_57001;101;73;70;73;
>hsa-mir-4770 MI0017411 Homo sapiens miR-4770 stem-loop;58;10;14;21;
>hsa-mir-93 MI0000095 Homo sapiens miR-93 stem-loop;80;8;14;20;
>hsa-mir-6087 MI0020364 Homo sapiens miR-6087 stem-loop;49;27;36;42;
>random_seq_from_cds__NO_7638;92;68;73;76;
>hsa-mir-646 MI0003661 Homo sapiens miR-646 stem-loop;94;53;59;64;
>hsa-mir-496 MI0003136 Homo sapiens miR-496 stem-loop;102;17;20;24;
>random_seq_from_cds__NO_38728;78;48;51;55;
>random_seq_from_cds__NO_45010;98;31;30;33;
>random_seq_from_cds__NO_13428;85;57;58;60;
>hsa-mir-4440 MI0016783 Homo sapiens miR-4440 stem-loop;98;53;57;67;
>random_seq_from_cds__NO_32198;90;43;46;48;
>random_seq_from_cds__NO_24546;71;32;33;34;
>random_seq_from_cds__NO_21038;84;39;45;55;
>random_seq_from_cds__NO_8982;86;49;50;55;
>hsa-mir-4266 MI0015870 Homo sapiens miR-4266 stem-loop;55;8;11;16;
>hsa-mir-655 MI0003677 Homo sapiens miR-655 stem-loop;97;17;19;19;
>hsa-mir-5589 MI0019148 Homo sapiens miR-5589 stem-loop;60;9;11;14;
>hsa-mir-4669 MI0017300 Homo sapiens miR-4669 stem-loop;62;6;6;6;
>hsa-mir-4775 MI0017418 Homo sapiens miR-4775 stem-loop;75;5;5;5;
>random_seq_from_cds__NO_9825;84;59;55;53;
>random_seq_from_cds__NO_6315;67;25;23;25;
>random_seq_from_cds__NO_25872;97;57;62;67;
>hsa-mir-384 MI0001145 Homo sapiens miR-384 stem-loop;88;61;62;65;
>random_seq_from_cds__NO_48532;82;43;49;50;
>random_seq_from_cds__NO_67272;68;37;37;42;
>random_seq_from_cds__NO_48531;81;42;45;45;
>random_seq_from_cds__NO_11261;84;51;50;51;
>hsa-mir-3173 MI0014204 Homo sapiens miR-3173 stem-loop;68;2;3;3;
>random_seq_from_cds__NO_70432;81;41;44;49;
>random_seq_from_cds__NO_4593;73;40;41;41;
>random_seq_from_cds__NO_62808;81;41;48;47;
>hsa-mir-4536-1 MI0016906 Homo sapiens miR-4536-1 stem-loop;88;23;30;33;
>hsa-mir-1912 MI0008333 Homo sapiens miR-1912 stem-loop;80;21;20;24;
>hsa-mir-320a MI0000542 Homo sapiens miR-320a stem-loop;82;6;7;9;
>random_seq_from_cds__NO_22396;82;45;52;53;
>hsa-mir-5683 MI0019284 Homo sapiens miR-5683 stem-loop;76;3;6;8;
>hsa-mir-10b MI0000267 Homo sapiens miR-10b stem-loop;110;13;16;21;
>random_seq_from_cds__NO_35680;110;73;72;73;
>hsa-mir-4787 MI0017434 Homo sapiens miR-4787 stem-loop;84;9;9;11;
>hsa-mir-4258 MI0015857 Homo sapiens miR-4258 stem-loop;91;9;11;12;
>random_seq_from_cds__NO_37862;84;45;50;54;
>hsa-mir-3197 MI0014245 Homo sapiens miR-3197 stem-loop;73;18;20;21;
>hsa-mir-373 MI0000781 Homo sapiens miR-373 stem-loop;69;5;9;12;
>random_seq_from_cds__NO_71754;87;40;41;47;
>random_seq_from_cds__NO_34354;85;52;54;55;
>hsa-mir-4494 MI0016856 Homo sapiens miR-4494 stem-loop;84;7;10;8;
>hsa-mir-191 MI0000465 Homo sapiens miR-191 stem-loop;92;7;9;11;
>hsa-mir-3196 MI0014241 Homo sapiens miR-3196 stem-loop;64;18;19;20;
>random_seq_from_cds__NO_60628;90;47;53;51;
>random_seq_from_cds__NO_3274;80;21;35;44;
>hsa-mir-5002 MI0017868 Homo sapiens miR-5002 stem-loop;97;14;19;20;
>hsa-mir-4427 MI0016766 Homo sapiens miR-4427 stem-loop;68;23;24;25;
>random_seq_from_cds__NO_8951;83;51;56;57;
>hsa-mir-4687 MI0017319 Homo sapiens miR-4687 stem-loop;80;11;9;8;
>random_seq_from_cds__NO_28921;110;61;62;70;
>hsa-mir-3916 MI0016422 Homo sapiens miR-3916 stem-loop;94;24;27;33;
>random_seq_from_cds__NO_68582;89;42;49;51;
>hsa-mir-6130 MI0021275 Homo sapiens miR-6130 stem-loop;109;30;53;68;
>hsa-mir-4434 MI0016774 Homo sapiens miR-4434 stem-loop;53;11;15;17;
>hsa-mir-148b MI0000811 Homo sapiens miR-148b stem-loop;99;20;25;26;
>random_seq_from_cds__NO_69029;110;33;39;42;
>hsa-mir-1245b MI0017431 Homo sapiens miR-1245b stem-loop;69;8;9;11;
>hsa-mir-301a MI0000745 Homo sapiens miR-301a stem-loop;86;8;10;13;
>hsa-mir-4521 MI0016887 Homo sapiens miR-4521 stem-loop;60;20;23;24;
>random_seq_from_cds__NO_1057;96;26;32;33;
>random_seq_from_cds__NO_2392;81;43;47;51;
>random_seq_from_cds__NO_50891;110;67;68;66;
>hsa-mir-629 MI0003643 Homo sapiens miR-629 stem-loop;97;5;5;7;
>hsa-mir-4291 MI0015900 Homo sapiens miR-4291 stem-loop;65;26;29;27;
>random_seq_from_cds__NO_59691;89;58;70;75;
>hsa-mir-4659a MI0017287 Homo sapiens miR-4659a stem-loop;81;7;9;11;
>random_seq_from_cds__NO_61533;110;47;66;70;
>random_seq_from_cds__NO_60202;95;63;63;69;
>hsa-mir-3676 MI0016077 Homo sapiens miR-3676 stem-loop;85;33;47;54;
>random_seq_from_cds__NO_62866;67;34;39;42;
>random_seq_from_cds__NO_60687;90;32;37;44;
>random_seq_from_cds__NO_60205;86;50;59;57;
>random_seq_from_cds__NO_4581;75;23;34;40;
>random_seq_from_cds__NO_56184;88;41;49;54;
>hsa-mir-1294 MI0006356 Homo sapiens miR-1294 stem-loop;142;14;18;17;
>random_seq_from_cds__NO_6758;87;57;62;68;
>random_seq_from_cds__NO_28940;81;38;43;43;
>hsa-mir-4648 MI0017275 Homo sapiens miR-4648 stem-loop;72;33;37;34;
>hsa-mir-876 MI0005542 Homo sapiens miR-876 stem-loop;81;1;2;2;
>hsa-mir-302e MI0006417 Homo sapiens miR-302e stem-loop;72;25;31;32;
>random_seq_from_cds__NO_15637;87;51;56;59;
>hsa-mir-1225 MI0006311 Homo sapiens miR-1225 stem-loop;90;29;40;48;
>random_seq_from_cds__NO_72651;88;53;64;66;
>hsa-mir-4293 MI0015826 Homo sapiens miR-4293 stem-loop;78;43;51;56;
>random_seq_from_cds__NO_6721;110;57;68;67;
>random_seq_from_cds__NO_26797;82;47;48;48;
>random_seq_from_cds__NO_59207;78;37;43;44;
>hsa-mir-3684 MI0016085 Homo sapiens miR-3684 stem-loop;74;5;7;10;
>random_seq_from_cds__NO_41909;110;76;74;77;
>hsa-mir-4795 MI0017442 Homo sapiens miR-4795 stem-loop;89;5;7;7;
>hsa-mir-603 MI0003616 Homo sapiens miR-603 stem-loop;97;17;20;21;
>hsa-mir-922 MI0005714 Homo sapiens miR-922 stem-loop;81;27;32;41;
>random_seq_from_cds__NO_44182;89;45;61;66;
>random_seq_from_cds__NO_69484;84;42;46;54;
>hsa-mir-4773-2 MI0017416 Homo sapiens miR-4773-2 stem-loop;78;2;2;2;
>hsa-mir-4709 MI0017342 Homo sapiens miR-4709 stem-loop;72;27;32;37;
>hsa-mir-3134 MI0014155 Homo sapiens miR-3134 stem-loop;74;4;4;4;
>hsa-mir-5195 MI0018174 Homo sapiens miR-5195 stem-loop;115;14;18;23;
>hsa-mir-4513 MI0016879 Homo sapiens miR-4513 stem-loop;86;18;20;21;
>random_seq_from_cds__NO_11299;82;40;47;48;
>hsa-mir-183 MI0000273 Homo sapiens miR-183 stem-loop;110;14;29;32;
>random_seq_from_cds__NO_61996;81;50;58;56;
>hsa-mir-4491 MI0016853 Homo sapiens miR-4491 stem-loop;68;4;6;6;
>hsa-mir-1203 MI0006335 Homo sapiens miR-1203 stem-loop;85;56;56;62;
>random_seq_from_cds__NO_33066;98;42;53;59;
>random_seq_from_cds__NO_60667;70;30;35;38;
>random_seq_from_cds__NO_11291;88;52;56;53;
>hsa-mir-3139 MI0014162 Homo sapiens miR-3139 stem-loop;76;17;20;18;
>hsa-mir-4762 MI0017403 Homo sapiens miR-4762 stem-loop;75;7;8;8;
>random_seq_from_cds__NO_6731;72;18;25;31;
>random_seq_from_cds__NO_24123;80;51;52;56;
>random_seq_from_cds__NO_24125;82;28;36;40;
>random_seq_from_cds__NO_4557;86;50;51;51;
>hsa-mir-29b-2 MI0000107 Homo sapiens miR-29b-2 stem-loop;81;10;13;14;
>hsa-mir-4431 MI0016771 Homo sapiens miR-4431 stem-loop;94;3;6;6;
>random_seq_from_cds__NO_51717;75;28;30;38;
>random_seq_from_cds__NO_70856;71;22;27;34;
>random_seq_from_cds__NO_46744;68;31;30;30;
>hsa-mir-4265 MI0015869 Homo sapiens miR-4265 stem-loop;99;70;75;72;
>hsa-mir-3911 MI0016415 Homo sapiens miR-3911 stem-loop;109;51;54;53;
>hsa-mir-138-2 MI0000455 Homo sapiens miR-138-2 stem-loop;84;9;13;16;
>random_seq_from_cds__NO_22779;70;35;39;38;
>random_seq_from_cds__NO_9420;85;35;44;51;
>random_seq_from_cds__NO_57406;80;55;57;60;
>random_seq_from_cds__NO_56559;88;54;57;59;
>random_seq_from_cds__NO_53049;95;63;68;67;
>random_seq_from_cds__NO_10311;99;18;27;30;
>hsa-mir-652 MI0003667 Homo sapiens miR-652 stem-loop;98;9;9;9;
>random_seq_from_cds__NO_70849;81;49;49;53;
>hsa-mir-101-2 MI0000739 Homo sapiens miR-101-2 stem-loop;79;6;12;16;
>random_seq_from_cds__NO_68524;70;36;40;40;
>hsa-mir-577 MI0003584 Homo sapiens miR-577 stem-loop;96;16;14;12;
>random_seq_from_cds__NO_1946;92;41;50;55;
>random_seq_from_cds__NO_1940;98;46;60;65;
>hsa-mir-23c MI0016010 Homo sapiens miR-23c stem-loop;100;36;57;66;
>hsa-mir-204 MI0000284 Homo sapiens miR-204 stem-loop;110;32;40;40;
>hsa-mir-3116-2 MI0014129 Homo sapiens miR-3116-2 stem-loop;68;3;3;3;
>random_seq_from_cds__NO_24946;78;39;39;43;
>random_seq_from_cds__NO_53038;87;58;55;52;
>random_seq_from_cds__NO_13811;81;37;49;51;
>hsa-mir-4645 MI0017272 Homo sapiens miR-4645 stem-loop;77;2;3;3;
>random_seq_from_cds__NO_46727;85;43;50;55;
>random_seq_from_cds__NO_44543;72;33;41;42;
>random_seq_from_cds__NO_46723;70;38;44;46;
>random_seq_from_cds__NO_31230;68;29;30;29;
>random_seq_from_cds__NO_68519;88;51;55;56;
>random_seq_from_cds__NO_52172;82;27;29;28;
>random_seq_from_cds__NO_31236;81;25;40;43;
>hsa-mir-30b MI0000441 Homo sapiens miR-30b stem-loop;88;11;17;21;
>hsa-mir-1269a MI0006406 Homo sapiens miR-1269a stem-loop;105;11;12;13;
>hsa-mir-4651 MI0017279 Homo sapiens miR-4651 stem-loop;73;22;32;35;
>random_seq_from_cds__NO_20132;81;46;55;59;
>hsa-mir-4798 MI0017445 Homo sapiens miR-4798 stem-loop;75;3;4;5;
>hsa-mir-5692b MI0019311 Homo sapiens miR-5692b stem-loop;87;24;35;38;
>random_seq_from_cds__NO_13842;71;33;35;33;
>hsa-mir-31 MI0000089 Homo sapiens miR-31 stem-loop;71;4;7;7;
>hsa-mir-4636 MI0017263 Homo sapiens miR-4636 stem-loop;80;6;7;7;
>random_seq_from_cds__NO_66330;67;33;39;39;
>hsa-mir-616 MI0003629 Homo sapiens miR-616 stem-loop;97;9;10;11;
>hsa-mir-3681 MI0016082 Homo sapiens miR-3681 stem-loop;72;4;4;4;
>random_seq_from_cds__NO_33420;88;47;51;56;
>hsa-mir-5192 MI0018171 Homo sapiens miR-5192 stem-loop;92;16;18;21;
>random_seq_from_cds__NO_52165;95;56;59;60;
>random_seq_from_cds__NO_54344;87;52;57;56;
>hsa-mir-4681 MI0017313 Homo sapiens miR-4681 stem-loop;72;21;26;28;
>random_seq_from_cds__NO_33424;88;54;54;52;
>hsa-mir-3928 MI0016438 Homo sapiens miR-3928 stem-loop;58;5;5;5;
>random_seq_from_cds__NO_41042;82;45;51;56;
>hsa-mir-4276 MI0015882 Homo sapiens miR-4276 stem-loop;70;30;35;37;
>random_seq_from_cds__NO_64140;73;35;37;40;
>hsa-mir-3125 MI0014142 Homo sapiens miR-3125 stem-loop;78;13;17;18;
>random_seq_from_cds__NO_65471;110;72;72;74;
>random_seq_from_cds__NO_70815;68;30;32;36;
>hsa-mir-5587 MI0019144 Homo sapiens miR-5587 stem-loop;53;3;5;9;
>hsa-mir-1197 MI0006656 Homo sapiens miR-1197 stem-loop;88;20;35;46;
>hsa-mir-6513 MI0022225 Homo sapiens miR-6513 stem-loop;64;21;25;31;
>random_seq_from_cds__NO_69426;81;22;34;44;
>hsa-mir-549a MI0003679 Homo sapiens miR-549 stem-loop;96;11;15;14;
>hsa-mir-1286 MI0006348 Homo sapiens miR-1286 stem-loop;78;24;28;29;
>random_seq_from_cds__NO_56590;77;28;34;40;
>hsa-mir-1234 MI0006324 Homo sapiens miR-1234 stem-loop;84;20;25;26;
>random_seq_from_cds__NO_49817;82;47;49;50;
>random_seq_from_cds__NO_7683;75;37;47;49;
>random_seq_from_cds__NO_5498;84;56;61;67;
>hsa-mir-142 MI0000458 Homo sapiens miR-142 stem-loop;87;7;9;10;
>hsa-mir-106b MI0000734 Homo sapiens miR-106b stem-loop;82;12;11;12;
>hsa-mir-6505 MI0022217 Homo sapiens miR-6505 stem-loop;71;21;29;32;
>hsa-mir-3160-2 MI0014190 Homo sapiens miR-3160-2 stem-loop;81;1;1;1;
>random_seq_from_cds__NO_7695;85;50;54;56;
>random_seq_from_cds__NO_5031;110;35;65;73;
>random_seq_from_cds__NO_33009;99;64;68;72;
>random_seq_from_cds__NO_50800;88;45;54;56;
>random_seq_from_cds__NO_43284;97;40;60;71;
>hsa-mir-32 MI0000090 Homo sapiens miR-32 stem-loop;70;8;9;11;
>random_seq_from_cds__NO_45461;87;58;57;62;
>random_seq_from_cds__NO_67233;72;36;42;41;
>random_seq_from_cds__NO_48948;85;28;34;34;
>hsa-mir-548h-4 MI0006414 Homo sapiens miR-548h-4 stem-loop;111;9;9;11;
>random_seq_from_cds__NO_26714;82;45;46;49;
>random_seq_from_cds__NO_31272;99;57;62;62;
>hsa-mir-3907 MI0016410 Homo sapiens miR-3907 stem-loop;151;17;24;27;
>hsa-mir-505 MI0003190 Homo sapiens miR-505 stem-loop;84;7;8;8;
>hsa-mir-4281 MI0015885 Homo sapiens miR-4281 stem-loop;62;25;32;33;
>hsa-mir-181c MI0000271 Homo sapiens miR-181c stem-loop;110;29;40;46;
>random_seq_from_cds__NO_25860;94;59;68;77;
>random_seq_from_cds__NO_55248;84;17;24;28;
>random_seq_from_cds__NO_41073;85;44;45;50;
>hsa-mir-4268 MI0015874 Homo sapiens miR-4268 stem-loop;64;12;14;17;
>hsa-mir-4639 MI0017266 Homo sapiens miR-4639 stem-loop;69;14;14;14;
>hsa-mir-940 MI0005762 Homo sapiens miR-940 stem-loop;94;26;30;39;
>hsa-mir-4450 MI0016795 Homo sapiens miR-4450 stem-loop;65;12;14;15;
>random_seq_from_cds__NO_48958;110;74;77;77;
>hsa-mir-223 MI0000300 Homo sapiens miR-223 stem-loop;110;23;30;33;
>hsa-mir-4641 MI0017268 Homo sapiens miR-4641 stem-loop;66;7;9;9;
>hsa-mir-106a MI0000113 Homo sapiens miR-106a stem-loop;81;8;11;15;
>hsa-mir-4739 MI0017377 Homo sapiens miR-4739 stem-loop;74;12;14;14;
>random_seq_from_cds__NO_23674;83;51;54;56;
>random_seq_from_cds__NO_55237;82;36;48;53;
>random_seq_from_cds__NO_41087;84;43;43;43;
>hsa-mir-5584 MI0019141 Homo sapiens miR-5584 stem-loop;60;6;8;8;
>random_seq_from_cds__NO_11217;88;54;55;54;
>random_seq_from_cds__NO_66878;96;60;59;63;
>random_seq_from_cds__NO_1530;90;54;64;67;
>hsa-mir-5006 MI0017873 Homo sapiens miR-5006 stem-loop;110;25;30;30;
>random_seq_from_cds__NO_52232;70;27;32;36;
>random_seq_from_cds__NO_52238;81;45;51;51;
>random_seq_from_cds__NO_29447;77;42;49;53;
>random_seq_from_cds__NO_28116;81;37;46;50;
>hsa-mir-3943 MI0016600 Homo sapiens miR-3943 stem-loop;100;20;23;25;
>hsa-mir-15a MI0000069 Homo sapiens miR-15a stem-loop;83;13;12;17;
>hsa-mir-3978 MI0016996 Homo sapiens miR-3978 stem-loop;101;28;35;45;
>hsa-mir-3120 MI0014136 Homo sapiens miR-3120 stem-loop;81;18;19;20;
>hsa-mir-591 MI0003603 Homo sapiens miR-591 stem-loop;95;59;70;73;
>hsa-mir-548ae-1 MI0016779 Homo sapiens miR-548ae-1 stem-loop;70;19;21;21;
>hsa-mir-4284 MI0015893 Homo sapiens miR-4284 stem-loop;81;29;38;44;
>random_seq_from_cds__NO_33957;70;25;28;33;
>random_seq_from_cds__NO_41103;78;45;45;50;
>hsa-mir-4699 MI0017332 Homo sapiens miR-4699 stem-loop;74;5;4;5;
>random_seq_from_cds__NO_41105;85;27;25;26;
>hsa-mir-1972-1 MI0009982 Homo sapiens miR-1972-1 stem-loop;77;11;13;16;
>random_seq_from_cds__NO_17459;92;50;54;57;
>random_seq_from_cds__NO_64687;70;28;37;40;
>hsa-mir-4275 MI0015883 Homo sapiens miR-4275 stem-loop;87;19;23;25;
>random_seq_from_cds__NO_37080;84;44;48;49;
>random_seq_from_cds__NO_55733;84;49;55;59;
>random_seq_from_cds__NO_52223;97;73;71;75;
>hsa-let-7f-2 MI0000068 Homo sapiens let-7f-2 stem-loop;83;10;9;12;
>hsa-mir-382 MI0000790 Homo sapiens miR-382 stem-loop;76;11;13;10;
>hsa-mir-6510 MI0022222 Homo sapiens miR-6510 stem-loop;54;9;11;12;
>random_seq_from_cds__NO_2873;68;32;35;40;
>hsa-mir-585 MI0003592 Homo sapiens miR-585 stem-loop;94;8;11;13;
>hsa-mir-4458 MI0016804 Homo sapiens miR-4458 stem-loop;75;13;22;31;
>random_seq_from_cds__NO_52228;82;42;46;49;
>hsa-mir-649 MI0003664 Homo sapiens miR-649 stem-loop;97;32;33;37;
>hsa-mir-3926-1 MI0016434 Homo sapiens miR-3926-1 stem-loop;73;1;1;1;
>random_seq_from_cds__NO_64678;100;64;63;62;
>hsa-mir-151b MI0003772 Homo sapiens miR-151b stem-loop;96;36;53;58;
>hsa-mir-612 MI0003625 Homo sapiens miR-612 stem-loop;100;25;32;37;
>hsa-mir-34b MI0000742 Homo sapiens miR-34b stem-loop;84;12;22;27;
>random_seq_from_cds__NO_38384;85;51;56;56;
>hsa-mir-5703 MI0019310 Homo sapiens miR-5703 stem-loop;56;2;3;3;
>hsa-mir-4706 MI0017339 Homo sapiens miR-4706 stem-loop;82;9;14;16;
>hsa-mir-3177 MI0014211 Homo sapiens miR-3177 stem-loop;82;17;14;11;
>random_seq_from_cds__NO_48188;84;41;39;45;
>hsa-mir-149 MI0000478 Homo sapiens miR-149 stem-loop;89;14;18;21;
>random_seq_from_cds__NO_64664;86;32;40;45;
>random_seq_from_cds__NO_31766;86;45;53;51;
>random_seq_from_cds__NO_72281;87;44;48;57;
>hsa-mir-1180 MI0006273 Homo sapiens miR-1180 stem-loop;69;7;8;11;
>random_seq_from_cds__NO_3704;89;36;49;53;
>random_seq_from_cds__NO_66437;94;60;61;65;
>random_seq_from_cds__NO_18353;85;20;27;27;
>random_seq_from_cds__NO_9465;82;51;51;47;
>hsa-mir-4715 MI0017349 Homo sapiens miR-4715 stem-loop;79;3;4;4;
>random_seq_from_cds__NO_50099;110;65;67;69;
>hsa-mir-7-3 MI0000265 Homo sapiens miR-7-3 stem-loop;110;52;62;63;
>hsa-mir-3679 MI0016080 Homo sapiens miR-3679 stem-loop;68;4;5;6;
>hsa-mir-4320 MI0015849 Homo sapiens miR-4320 stem-loop;65;27;31;32;
>hsa-mir-3130-2 MI0014148 Homo sapiens miR-3130-2 stem-loop;75;1;1;1;
>hsa-mir-3123 MI0014139 Homo sapiens miR-3123 stem-loop;75;9;9;9;
>hsa-mir-4663 MI0017292 Homo sapiens miR-4663 stem-loop;76;13;19;19;
>random_seq_from_cds__NO_64243;89;45;48;53;
>hsa-mir-1298 MI0003938 Homo sapiens miR-1298 stem-loop;112;18;19;23;
>random_seq_from_cds__NO_62069;69;28;34;34;
>hsa-mir-3135b MI0016809 Homo sapiens miR-3135b stem-loop;68;19;27;32;
>hsa-mir-3662 MI0016063 Homo sapiens miR-3662 stem-loop;95;54;64;72;
>random_seq_from_cds__NO_53114;84;48;48;49;
>random_seq_from_cds__NO_30015;87;40;41;48;
>random_seq_from_cds__NO_34855;73;37;38;38;
>hsa-mir-548ay MI0022210 Homo sapiens miR-548ay stem-loop;107;9;13;15;
>random_seq_from_cds__NO_56623;82;48;53;55;
>hsa-mir-623 MI0003637 Homo sapiens miR-623 stem-loop;98;46;43;46;
>hsa-mir-431 MI0001721 Homo sapiens miR-431 stem-loop;114;62;62;60;
>random_seq_from_cds__NO_40266;89;52;65;68;
>random_seq_from_cds__NO_1953;84;33;42;49;
>random_seq_from_cds__NO_31791;77;41;41;45;
>random_seq_from_cds__NO_53103;85;46;51;51;
>random_seq_from_cds__NO_40262;110;71;69;67;
>random_seq_from_cds__NO_34826;110;72;76;81;
>random_seq_from_cds__NO_16184;81;33;36;38;
>hsa-mir-196b MI0001150 Homo sapiens miR-196b stem-loop;84;8;8;9;
>random_seq_from_cds__NO_69919;82;40;46;51;
>random_seq_from_cds__NO_9448;86;55;57;65;
>random_seq_from_cds__NO_33503;82;41;47;47;
>random_seq_from_cds__NO_51395;81;45;55;57;
>random_seq_from_cds__NO_54420;85;45;47;51;
>hsa-mir-452 MI0001733 Homo sapiens miR-452 stem-loop;85;8;13;14;
>hsa-mir-6073 MI0020350 Homo sapiens miR-6073 stem-loop;89;48;50;53;
>hsa-mir-4758 MI0017399 Homo sapiens miR-4758 stem-loop;71;17;22;23;
>random_seq_from_cds__NO_63761;89;52;59;59;
>hsa-mir-184 MI0000481 Homo sapiens miR-184 stem-loop;84;14;16;19;
>hsa-mir-548x-2 MI0016833 Homo sapiens miR-548x-2 stem-loop;100;2;3;4;
>random_seq_from_cds__NO_57088;79;39;45;49;
>random_seq_from_cds__NO_53960;70;24;28;32;
>hsa-mir-548g MI0006395 Homo sapiens miR-548g stem-loop;89;13;14;14;
>hsa-mir-4523 MI0016890 Homo sapiens miR-4523 stem-loop;69;6;8;8;
>random_seq_from_cds__NO_54816;89;45;58;65;
>hsa-mir-892c MI0022560 Homo sapiens miR-892c stem-loop;77;29;31;29;
>random_seq_from_cds__NO_5978;84;51;55;59;
>random_seq_from_cds__NO_15674;88;52;54;63;
>hsa-mir-5093 MI0017982 Homo sapiens miR-5093 stem-loop;100;29;38;45;
>hsa-mir-4469 MI0016820 Homo sapiens miR-4469 stem-loop;79;4;5;5;
>random_seq_from_cds__NO_26329;78;35;44;47;
>random_seq_from_cds__NO_64606;81;39;45;45;
>random_seq_from_cds__NO_63758;77;47;48;50;
>hsa-mir-4719 MI0017354 Homo sapiens miR-4719 stem-loop;84;4;5;5;
>hsa-mir-27b MI0000440 Homo sapiens miR-27b stem-loop;97;6;11;13;
>hsa-mir-4286 MI0015894 Homo sapiens miR-4286 stem-loop;93;62;66;66;
>hsa-mir-6716 MI0022550 Homo sapiens miR-6716 stem-loop;80;33;37;40;
>random_seq_from_cds__NO_25477;78;51;52;52;
>hsa-mir-3605 MI0015995 Homo sapiens miR-3605 stem-loop;100;47;47;54;
>random_seq_from_cds__NO_49467;89;47;61;61;
>hsa-mir-6070 MI0020347 Homo sapiens miR-6070 stem-loop;103;64;71;71;
>hsa-mir-4327 MI0015867 Homo sapiens miR-4327 stem-loop;85;13;19;23;
>random_seq_from_cds__NO_15222;73;41;42;40;
>random_seq_from_cds__NO_16555;85;55;53;55;
>hsa-mir-4754 MI0017394 Homo sapiens miR-4754 stem-loop;89;23;26;25;
>hsa-mir-362 MI0000762 Homo sapiens miR-362 stem-loop;65;3;4;7;
>hsa-mir-3618 MI0016008 Homo sapiens miR-3618 stem-loop;88;18;26;31;
>random_seq_from_cds__NO_13045;87;58;59;64;
>random_seq_from_cds__NO_1112;89;61;64;72;
>random_seq_from_cds__NO_62418;68;26;26;27;
>random_seq_from_cds__NO_25023;84;53;59;60;
>random_seq_from_cds__NO_50433;90;64;68;68;
>hsa-mir-874 MI0005532 Homo sapiens miR-874 stem-loop;78;28;32;38;
>random_seq_from_cds__NO_27686;72;35;39;38;
>random_seq_from_cds__NO_50432;88;58;55;60;
>hsa-mir-3186 MI0014229 Homo sapiens miR-3186 stem-loop;85;9;11;15;
>hsa-mir-557 MI0003563 Homo sapiens miR-557 stem-loop;98;29;42;42;
>random_seq_from_cds__NO_39636;110;64;66;73;
>random_seq_from_cds__NO_15227;72;37;39;43;
>random_seq_from_cds__NO_39641;70;31;36;35;
>hsa-mir-3975 MI0016993 Homo sapiens miR-3975 stem-loop;70;28;40;41;
>hsa-mir-1200 MI0006332 Homo sapiens miR-1200 stem-loop;76;25;32;34;
>random_seq_from_cds__NO_40638;98;75;74;76;
>random_seq_from_cds__NO_60227;88;43;43;46;
>hsa-mir-4782 MI0017427 Homo sapiens miR-4782 stem-loop;79;3;4;4;
>hsa-mir-133a-1 MI0000450 Homo sapiens miR-133a-1 stem-loop;88;6;10;17;
>random_seq_from_cds__NO_25011;95;39;52;57;
>random_seq_from_cds__NO_24162;81;28;29;33;
>random_seq_from_cds__NO_45081;81;38;39;42;
>random_seq_from_cds__NO_25015;86;50;55;56;
>random_seq_from_cds__NO_24167;70;15;24;27;
>random_seq_from_cds__NO_51755;75;31;41;40;
>hsa-mir-4667 MI0017297 Homo sapiens miR-4667 stem-loop;66;9;9;12;
>hsa-mir-3182 MI0014224 Homo sapiens miR-3182 stem-loop;63;24;23;29;
>hsa-mir-4475 MI0016827 Homo sapiens miR-4475 stem-loop;61;5;7;9;
>random_seq_from_cds__NO_51759;71;23;27;30;
>random_seq_from_cds__NO_61145;87;58;66;70;
>random_seq_from_cds__NO_40206;78;36;44;44;
>random_seq_from_cds__NO_28559;84;41;53;52;
>hsa-mir-1207 MI0006340 Homo sapiens miR-1207 stem-loop;87;24;38;41;
>random_seq_from_cds__NO_1571;100;69;76;70;
>hsa-mir-6081 MI0020358 Homo sapiens miR-6081 stem-loop;97;55;62;65;
>hsa-mir-4779 MI0017423 Homo sapiens miR-4779 stem-loop;83;1;1;1;
>hsa-mir-19b-2 MI0000075 Homo sapiens miR-19b-2 stem-loop;96;9;15;15;
>hsa-mir-3714 MI0016135 Homo sapiens miR-3714 stem-loop;65;12;13;15;
>hsa-mir-1204 MI0006337 Homo sapiens miR-1204 stem-loop;67;29;32;31;
>hsa-mir-662 MI0003670 Homo sapiens miR-662 stem-loop;95;47;47;44;
>random_seq_from_cds__NO_15233;89;49;62;68;
>random_seq_from_cds__NO_38375;82;35;47;49;
>hsa-mir-3591 MI0017383 Homo sapiens miR-3591 stem-loop;73;10;15;17;
>random_seq_from_cds__NO_489;77;42;50;49;
>hsa-mir-3653 MI0016053 Homo sapiens miR-3653 stem-loop;110;37;34;38;
>random_seq_from_cds__NO_63796;68;28;30;32;
>random_seq_from_cds__NO_64644;77;33;43;44;
>random_seq_from_cds__NO_40217;78;47;48;47;
>hsa-mir-663b MI0006336 Homo sapiens miR-663b stem-loop;115;71;76;77;
>random_seq_from_cds__NO_28543;84;41;47;57;
>random_seq_from_cds__NO_48172;110;67;71;73;
>hsa-mir-935 MI0005757 Homo sapiens miR-935 stem-loop;91;12;16;16;
>random_seq_from_cds__NO_5949;100;65;70;66;
>random_seq_from_cds__NO_20611;71;18;28;33;
>random_seq_from_cds__NO_15264;85;52;58;60;
>random_seq_from_cds__NO_61122;85;38;47;53;
>hsa-mir-889 MI0005540 Homo sapiens miR-889 stem-loop;79;15;18;17;
>random_seq_from_cds__NO_61125;86;46;47;57;
>hsa-mir-4309 MI0015837 Homo sapiens miR-4309 stem-loop;83;44;52;52;
>random_seq_from_cds__NO_8197;86;45;49;61;
>hsa-mir-6068 MI0020345 Homo sapiens miR-6068 stem-loop;60;28;30;31;
>hsa-mir-563 MI0003569 Homo sapiens miR-563 stem-loop;79;13;13;13;
>hsa-mir-526a-2 MI0003168 Homo sapiens miR-526a-2 stem-loop;65;4;6;6;
>hsa-mir-548q MI0010637 Homo sapiens miR-548q stem-loop;100;3;9;15;
>hsa-mir-3972 MI0016990 Homo sapiens miR-3972 stem-loop;87;16;21;22;
>random_seq_from_cds__NO_53984;70;33;36;40;
>hsa-let-7i MI0000434 Homo sapiens let-7i stem-loop;84;15;17;20;
>hsa-mir-634 MI0003649 Homo sapiens miR-634 stem-loop;97;65;75;74;
>hsa-mir-5700 MI0019307 Homo sapiens miR-5700 stem-loop;71;2;3;4;
>random_seq_from_cds__NO_16105;82;50;58;54;
>random_seq_from_cds__NO_61596;84;42;44;48;
>hsa-mir-153-1 MI0000463 Homo sapiens miR-153-1 stem-loop;90;9;7;10;
>random_seq_from_cds__NO_37028;70;36;38;39;
>hsa-mir-6079 MI0020356 Homo sapiens miR-6079 stem-loop;62;27;30;29;
>random_seq_from_cds__NO_27239;95;13;18;21;
>hsa-mir-764 MI0003944 Homo sapiens miR-764 stem-loop;85;11;18;21;
>random_seq_from_cds__NO_42856;82;38;48;50;
>hsa-mir-5090 MI0017979 Homo sapiens miR-5090 stem-loop;85;16;16;18;
>random_seq_from_cds__NO_27233;110;66;72;75;
>random_seq_from_cds__NO_48152;81;38;39;40;
>hsa-mir-4505 MI0016868 Homo sapiens miR-4505 stem-loop;73;29;31;31;
>random_seq_from_cds__NO_69079;80;48;51;53;
>hsa-mir-3185 MI0014227 Homo sapiens miR-3185 stem-loop;68;8;8;8;
>hsa-mir-4753 MI0017392 Homo sapiens miR-4753 stem-loop;83;7;10;10;
>hsa-mir-617 MI0003631 Homo sapiens miR-617 stem-loop;97;9;11;10;
>random_seq_from_cds__NO_29890;84;50;49;47;
>random_seq_from_cds__NO_62950;94;55;64;70;
>random_seq_from_cds__NO_22015;97;53;66;72;
>random_seq_from_cds__NO_54093;86;52;52;60;
>random_seq_from_cds__NO_58450;82;37;40;41;
>random_seq_from_cds__NO_2072;63;15;21;28;
>random_seq_from_cds__NO_4251;110;63;73;79;
>hsa-mir-6720 MI0022555 Homo sapiens miR-6720 stem-loop;98;42;45;44;
>random_seq_from_cds__NO_34007;86;50;46;52;
>hsa-mir-6719 MI0022554 Homo sapiens miR-6719 stem-loop;87;25;35;34;
>hsa-mir-299 MI0000744 Homo sapiens miR-299 stem-loop;63;1;1;1;
>random_seq_from_cds__NO_38846;85;36;51;57;
>hsa-mir-548j MI0006345 Homo sapiens miR-548j stem-loop;112;26;28;31;
>random_seq_from_cds__NO_51826;75;41;43;43;
>random_seq_from_cds__NO_37519;71;38;39;38;
>hsa-mir-512-1 MI0003140 Homo sapiens miR-512-1 stem-loop;84;8;8;12;
>hsa-mir-3908 MI0016412 Homo sapiens miR-3908 stem-loop;126;18;22;26;
>hsa-mir-1248 MI0006383 Homo sapiens miR-1248 stem-loop;106;31;42;43;
>hsa-mir-3159 MI0014188 Homo sapiens miR-3159 stem-loop;74;8;10;12;
>random_seq_from_cds__NO_72744;69;29;31;32;
>hsa-mir-1267 MI0006404 Homo sapiens miR-1267 stem-loop;78;1;1;1;
>random_seq_from_cds__NO_49987;71;31;36;33;
>hsa-mir-1470 MI0007075 Homo sapiens miR-1470 stem-loop;61;17;19;19;
>random_seq_from_cds__NO_22488;69;37;41;42;
>random_seq_from_cds__NO_70564;84;42;45;51;
>random_seq_from_cds__NO_60767;98;37;45;57;
>random_seq_from_cds__NO_61615;92;55;60;57;
>hsa-mir-1178 MI0006271 Homo sapiens miR-1178 stem-loop;91;47;60;64;
>random_seq_from_cds__NO_5588;77;26;32;39;
>random_seq_from_cds__NO_49501;79;44;42;43;
>hsa-mir-29c MI0000735 Homo sapiens miR-29c stem-loop;88;7;14;12;
>hsa-mir-6074 MI0020351 Homo sapiens miR-6074 stem-loop;107;44;51;55;
>hsa-mir-4539 MI0016910 Homo sapiens miR-4539 stem-loop;60;33;34;36;
>random_seq_from_cds__NO_72734;95;53;67;69;
>random_seq_from_cds__NO_11387;84;54;47;54;
>random_seq_from_cds__NO_35796;71;18;17;27;
>random_seq_from_cds__NO_34460;87;38;41;43;
>random_seq_from_cds__NO_1196;94;51;54;53;
>hsa-mir-3194 MI0014239 Homo sapiens miR-3194 stem-loop;73;34;34;35;
>hsa-mir-4529 MI0016896 Homo sapiens miR-4529 stem-loop;78;5;5;6;
>random_seq_from_cds__NO_34468;99;46;69;68;
>hsa-mir-1469 MI0007074 Homo sapiens miR-1469 stem-loop;47;26;33;36;
>hsa-mir-185 MI0000482 Homo sapiens miR-185 stem-loop;82;8;10;11;
>random_seq_from_cds__NO_38824;65;29;33;38;
>random_seq_from_cds__NO_70548;86;52;56;62;
>hsa-mir-4460 MI0016806 Homo sapiens miR-4460 stem-loop;86;3;5;5;
>random_seq_from_cds__NO_14400;81;47;55;56;
>random_seq_from_cds__NO_35322;75;44;50;50;
>random_seq_from_cds__NO_45125;109;67;71;71;
>hsa-mir-4314 MI0015846 Homo sapiens miR-4314 stem-loop;92;43;49;47;
>hsa-mir-3622b MI0016014 Homo sapiens miR-3622b stem-loop;95;8;10;8;
>random_seq_from_cds__NO_4233;89;19;28;32;
>random_seq_from_cds__NO_6410;110;80;81;76;
>hsa-mir-1276 MI0006416 Homo sapiens miR-1276 stem-loop;83;31;36;37;
>random_seq_from_cds__NO_38834;73;28;28;31;
>random_seq_from_cds__NO_44273;84;25;42;48;
>hsa-mir-4330 MI0015902 Homo sapiens miR-4330 stem-loop;105;19;23;30;
>hsa-mir-604 MI0003617 Homo sapiens miR-604 stem-loop;94;47;59;67;
>random_seq_from_cds__NO_35371;84;32;37;39;
>hsa-mir-921 MI0005713 Homo sapiens miR-921 stem-loop;56;20;27;27;
>random_seq_from_cds__NO_40720;90;30;40;51;
>random_seq_from_cds__NO_38884;78;38;40;38;
>random_seq_from_cds__NO_48206;86;60;59;61;
>random_seq_from_cds__NO_62513;84;41;47;47;
>random_seq_from_cds__NO_40724;101;68;74;76;
>hsa-mir-4471 MI0016822 Homo sapiens miR-4471 stem-loop;83;1;4;4;
>hsa-mir-504 MI0003189 Homo sapiens miR-504 stem-loop;83;5;7;10;
>hsa-mir-4748 MI0017387 Homo sapiens miR-4748 stem-loop;82;24;29;29;
>random_seq_from_cds__NO_1181;92;60;61;65;
>random_seq_from_cds__NO_38889;86;51;50;51;
>random_seq_from_cds__NO_16617;73;44;44;47;
>random_seq_from_cds__NO_48686;86;61;60;63;
>hsa-mir-9-3 MI0000468 Homo sapiens miR-9-3 stem-loop;90;11;12;15;
>random_seq_from_cds__NO_4209;84;51;49;50;
>hsa-mir-548s MI0014141 Homo sapiens miR-548s stem-loop;82;5;8;6;
>random_seq_from_cds__NO_46021;95;36;38;51;
>hsa-mir-5094 MI0017983 Homo sapiens miR-5094 stem-loop;85;15;29;31;
>hsa-mir-4526 MI0016893 Homo sapiens miR-4526 stem-loop;87;3;13;20;
>random_seq_from_cds__NO_46038;74;19;22;26;
>random_seq_from_cds__NO_11396;80;37;40;42;
>hsa-mir-647 MI0003662 Homo sapiens miR-647 stem-loop;96;44;48;48;
>random_seq_from_cds__NO_58485;98;68;79;76;
>hsa-mir-892b MI0005538 Homo sapiens miR-892b stem-loop;77;9;11;13;
>hsa-mir-3921 MI0016428 Homo sapiens miR-3921 stem-loop;85;1;1;1;
>hsa-mir-5689 MI0019294 Homo sapiens miR-5689 stem-loop;78;1;1;1;
>random_seq_from_cds__NO_4694;75;48;50;48;
>hsa-mir-548ab MI0016752 Homo sapiens miR-548ab stem-loop;84;5;7;7;
>random_seq_from_cds__NO_9903;84;48;54;56;
>random_seq_from_cds__NO_26886;110;65;73;75;
>random_seq_from_cds__NO_46036;110;35;35;39;
>random_seq_from_cds__NO_5549;87;46;56;56;
>hsa-mir-378i MI0016902 Homo sapiens miR-378i stem-loop;76;34;36;36;
>random_seq_from_cds__NO_69132;73;27;32;36;
>random_seq_from_cds__NO_17935;66;34;32;36;
>hsa-mir-651 MI0003666 Homo sapiens miR-651 stem-loop;97;14;16;16;
>hsa-mir-4790 MI0017437 Homo sapiens miR-4790 stem-loop;79;3;6;5;
>random_seq_from_cds__NO_26439;89;55;60;58;
>random_seq_from_cds__NO_72774;86;43;42;43;
>random_seq_from_cds__NO_71441;71;30;34;39;
>random_seq_from_cds__NO_72772;90;55;62;62;
>hsa-mir-758 MI0003757 Homo sapiens miR-758 stem-loop;88;17;33;39;
>random_seq_from_cds__NO_46480;110;69;73;76;
>random_seq_from_cds__NO_59327;77;46;51;57;
>random_seq_from_cds__NO_34026;72;21;28;31;
>random_seq_from_cds__NO_66096;72;28;35;36;
>hsa-mir-628 MI0003642 Homo sapiens miR-628 stem-loop;95;21;23;24;
>random_seq_from_cds__NO_5518;69;32;36;38;
>random_seq_from_cds__NO_39719;83;42;48;47;
>random_seq_from_cds__NO_18813;75;37;36;38;
>random_seq_from_cds__NO_16636;85;39;50;53;
>random_seq_from_cds__NO_46484;71;33;40;42;
>hsa-mir-4721 MI0017356 Homo sapiens miR-4721 stem-loop;89;50;59;64;
>random_seq_from_cds__NO_62961;89;51;61;61;
>hsa-mir-5690 MI0019295 Homo sapiens miR-5690 stem-loop;73;4;7;7;
>hsa-mir-3929 MI0016439 Homo sapiens miR-3929 stem-loop;55;5;6;7;
>random_seq_from_cds__NO_70104;97;60;62;66;
>random_seq_from_cds__NO_38875;110;74;69;72;
>hsa-mir-5586 MI0019143 Homo sapiens miR-5586 stem-loop;59;5;5;6;
>hsa-mir-5047 MI0017932 Homo sapiens miR-5047 stem-loop;100;40;47;57;
>random_seq_from_cds__NO_40708;85;54;57;58;
>random_seq_from_cds__NO_68264;78;49;50;49;
>random_seq_from_cds__NO_66085;110;67;69;75;
>hsa-mir-1468 MI0003782 Homo sapiens miR-1468 stem-loop;86;13;14;16;
>hsa-mir-1269b MI0016888 Homo sapiens miR-1269b stem-loop;75;39;38;41;
>hsa-mir-4474 MI0016826 Homo sapiens miR-4474 stem-loop;78;5;5;5;
>random_seq_from_cds__NO_25929;106;79;78;76;
>hsa-mir-4764 MI0017405 Homo sapiens miR-4764 stem-loop;88;9;10;16;
>random_seq_from_cds__NO_65149;109;41;50;57;
>hsa-mir-1270-1 MI0006407 Homo sapiens miR-1270-1 stem-loop;83;10;15;20;
>random_seq_from_cds__NO_17061;73;27;37;40;
>random_seq_from_cds__NO_18392;85;55;57;56;
>hsa-mir-643 MI0003658 Homo sapiens miR-643 stem-loop;97;14;17;18;
>random_seq_from_cds__NO_59704;72;23;31;36;
>random_seq_from_cds__NO_33557;77;27;45;44;
>hsa-mir-155 MI0000681 Homo sapiens miR-155 stem-loop;65;6;8;10;
>hsa-mir-4285 MI0015891 Homo sapiens miR-4285 stem-loop;85;62;72;66;
>random_seq_from_cds__NO_31378;86;48;54;61;
>hsa-mir-3191 MI0014236 Homo sapiens miR-3191 stem-loop;76;7;9;9;
>hsa-mir-147b MI0005544 Homo sapiens miR-147b stem-loop;80;11;15;20;
>hsa-mir-548as MI0019132 Homo sapiens miR-548as stem-loop;58;9;10;10;
>random_seq_from_cds__NO_53159;89;44;56;62;
>random_seq_from_cds__NO_35742;77;43;46;52;
>hsa-mir-5089 MI0017978 Homo sapiens miR-5089 stem-loop;84;4;4;4;
>random_seq_from_cds__NO_41180;81;24;29;39;
>hsa-mir-2392 MI0016870 Homo sapiens miR-2392 stem-loop;84;14;24;30;
>random_seq_from_cds__NO_70956;84;53;52;55;
>random_seq_from_cds__NO_71800;85;44;55;60;
>random_seq_from_cds__NO_58830;87;48;56;58;
>random_seq_from_cds__NO_17082;74;31;37;39;
>random_seq_from_cds__NO_22438;84;44;50;56;
>hsa-mir-371a MI0000779 Homo sapiens miR-371a stem-loop;67;9;11;14;
>hsa-mir-2277 MI0011284 Homo sapiens miR-2277 stem-loop;93;26;32;33;
>random_seq_from_cds__NO_29060;95;60;72;69;
>hsa-mir-4704 MI0017337 Homo sapiens miR-4704 stem-loop;75;11;12;9;
>hsa-mir-3659 MI0016060 Homo sapiens miR-3659 stem-loop;99;8;10;9;
>random_seq_from_cds__NO_13967;86;53;55;57;
>hsa-mir-4432 MI0016772 Homo sapiens miR-4432 stem-loop;84;15;19;20;
>random_seq_from_cds__NO_49;110;76;77;76;
>hsa-mir-568 MI0003574 Homo sapiens miR-568 stem-loop;95;38;48;53;
>hsa-mir-1244-1 MI0006379 Homo sapiens miR-1244-1 stem-loop;85;52;61;59;
>hsa-mir-3621 MI0016012 Homo sapiens miR-3621 stem-loop;85;24;37;41;
>random_seq_from_cds__NO_20245;110;65;70;71;
>random_seq_from_cds__NO_47701;81;31;33;39;
>random_seq_from_cds__NO_21574;81;45;50;49;
>hsa-mir-875 MI0005541 Homo sapiens miR-875 stem-loop;76;5;8;11;
>hsa-mir-4492 MI0016854 Homo sapiens miR-4492 stem-loop;80;20;30;35;
>hsa-mir-5000 MI0017866 Homo sapiens miR-5000 stem-loop;103;9;11;12;
>hsa-mir-609 MI0003622 Homo sapiens miR-609 stem-loop;95;7;8;9;
>random_seq_from_cds__NO_53137;75;32;34;34;
>hsa-mir-6132 MI0021277 Homo sapiens miR-6132 stem-loop;109;66;71;73;
>random_seq_from_cds__NO_46429;85;37;55;57;
>random_seq_from_cds__NO_35771;64;24;28;28;
>hsa-mir-4305 MI0015835 Homo sapiens miR-4305 stem-loop;102;66;76;74;
>random_seq_from_cds__NO_20277;85;47;65;69;
>random_seq_from_cds__NO_70532;80;43;46;46;
>random_seq_from_cds__NO_9980;110;71;73;73;
>hsa-mir-374a MI0000782 Homo sapiens miR-374a stem-loop;72;3;4;4;
>hsa-mir-4771-1 MI0017412 Homo sapiens miR-4771-1 stem-loop;74;3;5;7;
>random_seq_from_cds__NO_23303;64;19;28;26;
>hsa-mir-4448 MI0016791 Homo sapiens miR-4448 stem-loop;86;27;28;31;
>random_seq_from_cds__NO_8651;72;36;40;40;
>random_seq_from_cds__NO_6468;85;47;52;55;
>random_seq_from_cds__NO_5137;75;32;39;46;
>hsa-mir-4499 MI0016862 Homo sapiens miR-4499 stem-loop;69;16;19;17;
>hsa-mir-639 MI0003654 Homo sapiens miR-639 stem-loop;98;70;70;73;
>hsa-mir-5007 MI0017874 Homo sapiens miR-5007 stem-loop;95;22;25;31;
>random_seq_from_cds__NO_20274;81;41;48;51;
>hsa-mir-4289 MI0015898 Homo sapiens miR-4289 stem-loop;70;21;32;31;
>hsa-mir-1224 MI0003764 Homo sapiens miR-1224 stem-loop;85;20;22;23;
>hsa-mir-4741 MI0017379 Homo sapiens miR-4741 stem-loop;90;38;44;51;
>hsa-mir-3944 MI0016601 Homo sapiens miR-3944 stem-loop;108;13;14;15;
>random_seq_from_cds__NO_70521;86;48;53;60;
>random_seq_from_cds__NO_21597;95;60;70;67;
>random_seq_from_cds__NO_58882;88;49;60;66;
>hsa-mir-658 MI0003682 Homo sapiens miR-658 stem-loop;100;61;77;80;
>random_seq_from_cds__NO_54049;80;42;50;49;
>random_seq_from_cds__NO_7326;74;41;48;46;
>random_seq_from_cds__NO_6477;77;43;48;50;
>hsa-mir-190b MI0005545 Homo sapiens miR-190b stem-loop;79;6;9;9;
>hsa-mir-4459 MI0016805 Homo sapiens miR-4459 stem-loop;66;23;25;28;
>random_seq_from_cds__NO_56224;82;36;41;43;
>hsa-mir-27a MI0000085 Homo sapiens miR-27a stem-loop;78;12;18;25;
>random_seq_from_cds__NO_11314;68;23;24;28;
>random_seq_from_cds__NO_13975;89;45;53;57;
>hsa-mir-5697 MI0019304 Homo sapiens miR-5697 stem-loop;78;2;2;2;
>hsa-mir-451a MI0001729 Homo sapiens miR-451a stem-loop;72;2;2;2;
>hsa-mir-579 MI0003586 Homo sapiens miR-579 stem-loop;98;6;9;8;
>hsa-mir-5011 MI0017879 Homo sapiens miR-5011 stem-loop;103;10;11;11;
>random_seq_from_cds__NO_11318;87;35;47;46;
>hsa-mir-206 MI0000490 Homo sapiens miR-206 stem-loop;86;11;13;12;
>random_seq_from_cds__NO_47737;110;61;64;66;
>random_seq_from_cds__NO_43377;70;36;37;39;
>random_seq_from_cds__NO_716;85;37;50;58;
>hsa-mir-4742 MI0017380 Homo sapiens miR-4742 stem-loop;85;18;20;26;
>random_seq_from_cds__NO_4275;73;41;38;42;
>random_seq_from_cds__NO_33575;88;40;55;60;
>hsa-mir-379 MI0000787 Homo sapiens miR-379 stem-loop;67;8;11;14;
>hsa-mir-515-1 MI0003144 Homo sapiens miR-515-1 stem-loop;83;4;5;5;
>random_seq_from_cds__NO_65158;70;40;46;46;
>hsa-mir-3976 MI0016994 Homo sapiens miR-3976 stem-loop;139;24;36;41;
>hsa-mir-205 MI0000285 Homo sapiens miR-205 stem-loop;110;24;25;29;
>random_seq_from_cds__NO_45568;86;43;52;56;
>hsa-mir-4686 MI0017318 Homo sapiens miR-4686 stem-loop;76;12;11;12;
>hsa-mir-4511 MI0016877 Homo sapiens miR-4511 stem-loop;87;4;7;8;
>random_seq_from_cds__NO_55354;81;41;48;47;
>random_seq_from_cds__NO_2098;88;62;58;62;
>random_seq_from_cds__NO_6457;81;32;44;47;
>random_seq_from_cds__NO_57534;94;54;65;69;
>random_seq_from_cds__NO_32257;88;52;58;66;
>hsa-mir-3917 MI0016423 Homo sapiens miR-3917 stem-loop;93;55;60;60;
>random_seq_from_cds__NO_10003;89;46;45;48;
>random_seq_from_cds__NO_7309;70;43;42;43;
>hsa-mir-4462 MI0016810 Homo sapiens miR-4462 stem-loop;58;3;3;3;
>hsa-mir-1302-8 MI0006369 Homo sapiens miR-1302-8 stem-loop;128;6;6;6;
>random_seq_from_cds__NO_29097;84;21;34;39;
>random_seq_from_cds__NO_37198;64;28;30;30;
>random_seq_from_cds__NO_14078;99;56;63;71;
>hsa-mir-4310 MI0015840 Homo sapiens miR-4310 stem-loop;57;7;11;14;
>hsa-mir-1287 MI0006349 Homo sapiens miR-1287 stem-loop;90;39;43;51;
>random_seq_from_cds__NO_37199;97;72;68;73;
>random_seq_from_cds__NO_21608;88;44;53;58;
>random_seq_from_cds__NO_62157;110;64;67;74;
>hsa-mir-30e MI0000749 Homo sapiens miR-30e stem-loop;92;11;13;13;
>random_seq_from_cds__NO_52350;89;60;62;63;
>random_seq_from_cds__NO_14074;70;32;40;39;
>random_seq_from_cds__NO_8298;85;49;55;58;
>hsa-mir-3142 MI0014166 Homo sapiens miR-3142 stem-loop;82;6;10;12;
>hsa-mir-1231 MI0006321 Homo sapiens miR-1231 stem-loop;92;41;51;53;
>random_seq_from_cds__NO_30562;110;67;75;77;
>random_seq_from_cds__NO_50178;85;30;40;43;
>hsa-mir-573 MI0003580 Homo sapiens miR-573 stem-loop;99;37;42;52;
>random_seq_from_cds__NO_6;97;71;76;77;
>random_seq_from_cds__NO_27382;88;51;57;60;
>random_seq_from_cds__NO_65654;119;85;81;86;
>hsa-mir-759 MI0004065 Homo sapiens miR-759 stem-loop;91;8;18;24;
>random_seq_from_cds__NO_14069;84;45;51;56;
>hsa-mir-4453 MI0016799 Homo sapiens miR-4453 stem-loop;89;40;44;52;
>hsa-mir-4288 MI0015896 Homo sapiens miR-4288 stem-loop;67;13;16;15;
>hsa-mir-567 MI0003573 Homo sapiens miR-567 stem-loop;98;29;31;30;
>random_seq_from_cds__NO_39385;86;52;55;56;
>hsa-mir-4647 MI0017274 Homo sapiens miR-4647 stem-loop;80;14;17;17;
>hsa-mir-140 MI0000456 Homo sapiens miR-140 stem-loop;100;6;10;12;
>hsa-mir-365b MI0000769 Homo sapiens miR-365b stem-loop;111;21;27;31;
>hsa-mir-3156-3 MI0014242 Homo sapiens miR-3156-3 stem-loop;77;3;4;4;
>hsa-mir-103b-2 MI0007262 Homo sapiens miR-103b-2 stem-loop;62;19;20;27;
>hsa-mir-3658 MI0016058 Homo sapiens miR-3658 stem-loop;56;21;13;8;
>hsa-mir-127 MI0000472 Homo sapiens miR-127 stem-loop;97;40;41;49;
>hsa-mir-330 MI0000803 Homo sapiens miR-330 stem-loop;94;24;31;38;
>random_seq_from_cds__NO_37175;69;32;33;31;
>random_seq_from_cds__NO_16276;110;73;74;76;
>hsa-mir-1277 MI0006419 Homo sapiens miR-1277 stem-loop;78;11;15;17;
>hsa-mir-4656 MI0017284 Homo sapiens miR-4656 stem-loop;75;11;14;16;
>random_seq_from_cds__NO_50154;110;64;72;73;
>hsa-mir-4520a MI0016886 Homo sapiens miR-4520a stem-loop;70;4;5;5;
>hsa-mir-208b MI0005570 Homo sapiens miR-208b stem-loop;77;15;20;25;
>random_seq_from_cds__NO_54997;89;57;58;66;
>random_seq_from_cds__NO_11820;90;56;62;66;
>hsa-mir-4634 MI0017261 Homo sapiens miR-4634 stem-loop;54;6;12;13;
>hsa-mir-3155a MI0014183 Homo sapiens miR-3155a stem-loop;82;3;3;3;
>random_seq_from_cds__NO_63460;90;39;47;53;
>random_seq_from_cds__NO_20763;89;47;52;62;
>hsa-mir-4692 MI0017325 Homo sapiens miR-4692 stem-loop;63;3;4;5;
>random_seq_from_cds__NO_16261;80;27;31;37;
>hsa-mir-4708 MI0017341 Homo sapiens miR-4708 stem-loop;67;2;2;2;
>hsa-mir-4761 MI0017402 Homo sapiens miR-4761 stem-loop;82;12;13;12;
>hsa-mir-3936 MI0016592 Homo sapiens miR-3936 stem-loop;110;36;41;49;
>hsa-mir-4784 MI0017429 Homo sapiens miR-4784 stem-loop;77;9;16;22;
>hsa-mir-4290 MI0015899 Homo sapiens miR-4290 stem-loop;95;30;41;48;
>random_seq_from_cds__NO_28245;110;64;68;72;
>random_seq_from_cds__NO_54983;72;35;44;42;
>random_seq_from_cds__NO_54506;69;25;32;38;
>hsa-mir-383 MI0000791 Homo sapiens miR-383 stem-loop;73;17;26;28;
>hsa-mir-3162 MI0014192 Homo sapiens miR-3162 stem-loop;82;5;6;6;
>random_seq_from_cds__NO_67408;110;59;72;69;
>random_seq_from_cds__NO_6078;88;62;68;71;
>random_seq_from_cds__NO_6076;84;44;44;49;
>random_seq_from_cds__NO_38086;86;47;54;58;
>hsa-mir-6507 MI0022219 Homo sapiens miR-6507 stem-loop;70;4;3;3;
>hsa-mir-551b MI0003575 Homo sapiens miR-551b stem-loop;96;19;19;19;
>hsa-mir-33a MI0000091 Homo sapiens miR-33a stem-loop;69;7;7;7;
>random_seq_from_cds__NO_56754;86;44;52;60;
>hsa-mir-3124 MI0014140 Homo sapiens miR-3124 stem-loop;67;10;13;18;
>hsa-mir-4777 MI0017421 Homo sapiens miR-4777 stem-loop;86;8;11;11;
>hsa-mir-548h-3 MI0006413 Homo sapiens miR-548h-3 stem-loop;118;14;15;18;
>hsa-mir-4303 MI0015834 Homo sapiens miR-4303 stem-loop;66;13;14;13;
>random_seq_from_cds__NO_35812;75;32;33;35;
>hsa-mir-4313 MI0015843 Homo sapiens miR-4313 stem-loop;101;15;16;22;
>random_seq_from_cds__NO_20787;85;43;49;56;
>random_seq_from_cds__NO_62189;110;73;75;72;
>random_seq_from_cds__NO_64367;88;49;48;53;
>hsa-mir-1285-1 MI0006346 Homo sapiens miR-1285-1 stem-loop;84;3;3;4;
>random_seq_from_cds__NO_19313;90;39;42;44;
>hsa-mir-4732 MI0017369 Homo sapiens miR-4732 stem-loop;76;19;20;22;
>random_seq_from_cds__NO_9115;85;43;47;49;
>hsa-mir-182 MI0000272 Homo sapiens miR-182 stem-loop;110;25;35;39;
>random_seq_from_cds__NO_21636;110;69;77;75;
>random_seq_from_cds__NO_51051;89;27;33;37;
>hsa-mir-3941 MI0016598 Homo sapiens miR-3941 stem-loop;103;13;12;12;
>hsa-mir-6515 MI0022227 Homo sapiens miR-6515 stem-loop;57;8;15;16;
>random_seq_from_cds__NO_10984;92;54;61;61;
>hsa-mir-26a-2 MI0000750 Homo sapiens miR-26a-2 stem-loop;84;5;9;10;
>hsa-mir-3655 MI0016055 Homo sapiens miR-3655 stem-loop;83;20;26;41;
>hsa-mir-195 MI0000489 Homo sapiens miR-195 stem-loop;87;11;15;20;
>random_seq_from_cds__NO_65685;110;67;73;76;
>hsa-mir-200b MI0000342 Homo sapiens miR-200b stem-loop;95;18;21;25;
>hsa-mir-19a MI0000073 Homo sapiens miR-19a stem-loop;82;9;12;15;
>hsa-mir-3180-4 MI0016408 Homo sapiens miR-3180-4 stem-loop;153;3;4;9;
>random_seq_from_cds__NO_31430;84;68;67;69;
>hsa-mir-4430 MI0016769 Homo sapiens miR-4430 stem-loop;49;33;44;47;
>random_seq_from_cds__NO_62170;78;41;42;44;
>random_seq_from_cds__NO_30107;73;32;35;36;
>hsa-mir-4637 MI0017264 Homo sapiens miR-4637 stem-loop;84;19;22;20;
>hsa-mir-648 MI0003663 Homo sapiens miR-648 stem-loop;94;65;69;67;
>hsa-mir-4533 MI0016900 Homo sapiens miR-4533 stem-loop;71;12;16;21;
>hsa-mir-4710 MI0017344 Homo sapiens miR-4710 stem-loop;56;9;17;16;
>random_seq_from_cds__NO_21656;71;23;30;33;
>random_seq_from_cds__NO_53697;72;29;32;37;
>random_seq_from_cds__NO_30599;80;36;51;54;
>random_seq_from_cds__NO_54541;78;33;37;37;
>random_seq_from_cds__NO_58903;73;33;41;47;
>random_seq_from_cds__NO_55873;86;53;59;67;
>hsa-mir-4680 MI0017312 Homo sapiens miR-4680 stem-loop;66;8;13;19;
>random_seq_from_cds__NO_63491;78;40;43;44;
>random_seq_from_cds__NO_10526;82;50;50;50;
>hsa-mir-499b MI0017396 Homo sapiens miR-499b stem-loop;73;17;23;27;
>random_seq_from_cds__NO_63880;82;48;48;51;
>hsa-mir-378f MI0016756 Homo sapiens miR-378f stem-loop;78;37;41;45;
>hsa-mir-548aa-2 MI0016690 Homo sapiens miR-548aa-2 stem-loop;97;1;1;3;
>random_seq_from_cds__NO_63884;86;53;56;58;
>hsa-mir-521-1 MI0003176 Homo sapiens miR-521-1 stem-loop;87;11;13;13;
>random_seq_from_cds__NO_64732;87;60;60;64;
>hsa-mir-4316 MI0015845 Homo sapiens miR-4316 stem-loop;71;12;13;21;
>hsa-mir-194-1 MI0000488 Homo sapiens miR-194-1 stem-loop;85;8;13;16;
>hsa-mir-4446 MI0016789 Homo sapiens miR-4446 stem-loop;67;13;17;23;
>hsa-mir-1322 MI0006653 Homo sapiens miR-1322 stem-loop;71;34;32;33;
>random_seq_from_cds__NO_29960;71;37;43;46;
>random_seq_from_cds__NO_27303;109;61;55;63;
>hsa-mir-4300 MI0015831 Homo sapiens miR-4300 stem-loop;96;17;20;25;
>random_seq_from_cds__NO_48244;87;57;61;63;
>hsa-mir-6085 MI0020362 Homo sapiens miR-6085 stem-loop;110;57;68;69;
>hsa-mir-6504 MI0022216 Homo sapiens miR-6504 stem-loop;61;5;4;6;
>hsa-mir-103a-2 MI0000108 Homo sapiens miR-103a-2 stem-loop;78;22;25;30;
>random_seq_from_cds__NO_61692;85;53;52;51;
>random_seq_from_cds__NO_71019;64;27;32;34;
>random_seq_from_cds__NO_61212;63;25;28;31;
>random_seq_from_cds__NO_16641;68;25;27;27;
>hsa-mir-3165 MI0014195 Homo sapiens miR-3165 stem-loop;75;4;4;7;
>random_seq_from_cds__NO_28626;72;35;37;39;
>random_seq_from_cds__NO_59377;84;44;48;52;
>hsa-mir-4653 MI0017281 Homo sapiens miR-4653 stem-loop;83;17;20;21;
>hsa-mir-3677 MI0016078 Homo sapiens miR-3677 stem-loop;60;10;9;9;
>hsa-mir-1273e MI0016059 Homo sapiens miR-1273e stem-loop;102;11;19;25;
>random_seq_from_cds__NO_50562;68;24;32;35;
>hsa-mir-4263 MI0015876 Homo sapiens miR-4263 stem-loop;83;46;51;55;
>hsa-mir-6512 MI0022224 Homo sapiens miR-6512 stem-loop;77;3;3;3;
>random_seq_from_cds__NO_48259;84;41;35;35;
>hsa-mir-511-1 MI0003127 Homo sapiens miR-511-1 stem-loop;87;12;18;21;
>random_seq_from_cds__NO_4779;94;64;67;69;
>hsa-mir-885 MI0005560 Homo sapiens miR-885 stem-loop;74;3;4;6;
>random_seq_from_cds__NO_51419;82;44;56;58;
>random_seq_from_cds__NO_35394;82;44;51;50;
>random_seq_from_cds__NO_42921;110;67;69;68;
>hsa-mir-590 MI0003602 Homo sapiens miR-590 stem-loop;97;20;20;18;
>hsa-mir-4299 MI0015829 Homo sapiens miR-4299 stem-loop;72;6;8;10;
>random_seq_from_cds__NO_69163;84;43;54;56;
>random_seq_from_cds__NO_24290;69;26;28;30;
>hsa-mir-1206 MI0006339 Homo sapiens miR-1206 stem-loop;59;21;26;31;
>random_seq_from_cds__NO_349;71;50;48;52;
>hsa-mir-4524b MI0019114 Homo sapiens miR-4524b stem-loop;115;31;32;34;
>hsa-mir-4304 MI0015832 Homo sapiens miR-4304 stem-loop;62;4;8;8;
>random_seq_from_cds__NO_64709;86;47;53;60;
>hsa-mir-588 MI0003597 Homo sapiens miR-588 stem-loop;83;4;9;12;
>hsa-mir-4328 MI0015904 Homo sapiens miR-4328 stem-loop;56;10;18;21;
>hsa-mir-936 MI0005758 Homo sapiens miR-936 stem-loop;98;26;36;40;
>random_seq_from_cds__NO_14008;110;70;66;61;
>random_seq_from_cds__NO_37109;72;29;39;39;
>random_seq_from_cds__NO_14006;84;52;51;52;
>hsa-mir-1182 MI0006275 Homo sapiens miR-1182 stem-loop;97;38;48;52;
>random_seq_from_cds__NO_17516;110;62;69;75;
>hsa-mir-4481 MI0016842 Homo sapiens miR-4481 stem-loop;60;21;25;25;
>hsa-mir-4443 MI0016786 Homo sapiens miR-4443 stem-loop;53;7;12;13;
>random_seq_from_cds__NO_42502;73;40;44;47;
>hsa-mir-5705 MI0019313 Homo sapiens miR-5705 stem-loop;89;4;3;3;
>hsa-mir-539 MI0003514 Homo sapiens miR-539 stem-loop;78;9;10;13;
>random_seq_from_cds__NO_20719;72;37;35;33;
>hsa-mir-345 MI0000825 Homo sapiens miR-345 stem-loop;98;19;17;17;
>hsa-mir-599 MI0003611 Homo sapiens miR-599 stem-loop;95;18;19;19;
>hsa-mir-6723 MI0022558 Homo sapiens miR-6723 stem-loop;89;50;61;63;
>random_seq_from_cds__NO_40326;84;48;55;57;
>hsa-mir-1304 MI0006371 Homo sapiens miR-1304 stem-loop;91;2;2;2;
>hsa-mir-1260b MI0014197 Homo sapiens miR-1260b stem-loop;89;17;24;28;
>random_seq_from_cds__NO_15360;95;50;67;70;
>random_seq_from_cds__NO_13181;87;53;55;58;
>hsa-mir-3136 MI0014158 Homo sapiens miR-3136 stem-loop;78;6;5;5;
>hsa-mir-145 MI0000461 Homo sapiens miR-145 stem-loop;88;8;10;10;
>random_seq_from_cds__NO_2547;70;29;32;35;
>random_seq_from_cds__NO_32707;80;41;41;44;
>hsa-mir-342 MI0000805 Homo sapiens miR-342 stem-loop;99;11;15;18;
>hsa-mir-1255b-2 MI0006436 Homo sapiens miR-1255b-2 stem-loop;67;3;3;4;
>random_seq_from_cds__NO_13173;81;39;42;44;
>hsa-mir-4698 MI0017331 Homo sapiens miR-4698 stem-loop;80;5;5;5;
>hsa-mir-3660 MI0016061 Homo sapiens miR-3660 stem-loop;100;10;12;15;
>random_seq_from_cds__NO_48294;81;33;48;45;
>hsa-mir-3674 MI0016075 Homo sapiens miR-3674 stem-loop;68;37;35;36;
>hsa-mir-3152 MI0014179 Homo sapiens miR-3152 stem-loop;74;2;5;5;
>random_seq_from_cds__NO_52788;80;37;39;45;
>random_seq_from_cds__NO_50124;65;29;34;35;
>random_seq_from_cds__NO_52789;89;55;70;74;
>hsa-mir-519d MI0003162 Homo sapiens miR-519d stem-loop;88;5;8;8;
>hsa-mir-1915 MI0008336 Homo sapiens miR-1915 stem-loop;80;11;12;14;
>random_seq_from_cds__NO_9161;77;46;50;50;
>random_seq_from_cds__NO_1675;89;52;61;63;
>random_seq_from_cds__NO_72377;97;44;60;63;
>hsa-mir-6501 MI0022213 Homo sapiens miR-6501 stem-loop;67;11;18;16;
>hsa-mir-4297 MI0015824 Homo sapiens miR-4297 stem-loop;76;33;38;45;
>random_seq_from_cds__NO_50112;80;23;27;32;
>random_seq_from_cds__NO_4707;84;31;31;30;
>hsa-mir-135a-1 MI0000452 Homo sapiens miR-135a-1 stem-loop;90;6;6;5;
>random_seq_from_cds__NO_16224;81;46;50;53;
>random_seq_from_cds__NO_41645;85;27;35;39;
>hsa-mir-411 MI0003675 Homo sapiens miR-411 stem-loop;96;24;27;34;
>random_seq_from_cds__NO_63411;84;45;49;55;
>random_seq_from_cds__NO_61238;78;44;54;55;
>hsa-mir-4675 MI0017306 Homo sapiens miR-4675 stem-loop;77;2;2;2;
>random_seq_from_cds__NO_13194;87;45;51;54;
>hsa-mir-1258 MI0006392 Homo sapiens miR-1258 stem-loop;73;3;5;5;
>random_seq_from_cds__NO_10924;78;39;39;38;
>hsa-mir-363 MI0000764 Homo sapiens miR-363 stem-loop;75;5;10;18;
>hsa-mir-562 MI0003568 Homo sapiens miR-562 stem-loop;95;33;47;62;
>random_seq_from_cds__NO_39329;93;32;38;38;
>hsa-mir-410 MI0002465 Homo sapiens miR-410 stem-loop;80;11;17;19;
>random_seq_from_cds__NO_60892;88;58;58;63;
>random_seq_from_cds__NO_45258;81;39;41;43;
>hsa-mir-2053 MI0010487 Homo sapiens miR-2053 stem-loop;91;12;14;17;
>hsa-mir-378h MI0016808 Homo sapiens miR-378h stem-loop;83;39;51;55;
>random_seq_from_cds__NO_27822;68;32;30;32;
>random_seq_from_cds__NO_60899;100;39;46;59;
>hsa-mir-6129 MI0021274 Homo sapiens miR-6129 stem-loop;109;45;56;70;
>random_seq_from_cds__NO_55063;72;36;36;39;
>hsa-mir-3937 MI0016593 Homo sapiens miR-3937 stem-loop;106;3;4;5;
>random_seq_from_cds__NO_4367;97;63;71;77;
>hsa-mir-3646 MI0016046 Homo sapiens miR-3646 stem-loop;84;1;3;3;
>hsa-mir-4435-2 MI0016777 Homo sapiens miR-4435-2 stem-loop;74;15;26;40;
>hsa-mir-4439 MI0016782 Homo sapiens miR-4439 stem-loop;80;5;7;8;
>hsa-mir-1289-1 MI0006350 Homo sapiens miR-1289-1 stem-loop;144;17;18;16;
>hsa-mir-6080 MI0020357 Homo sapiens miR-6080 stem-loop;66;24;27;26;
>random_seq_from_cds__NO_21279;78;23;32;34;
>random_seq_from_cds__NO_8741;87;46;58;61;
>hsa-mir-1184-1 MI0006277 Homo sapiens miR-1184-1 stem-loop;99;63;62;60;
>hsa-mir-491 MI0003126 Homo sapiens miR-491 stem-loop;84;1;2;3;
>hsa-mir-331 MI0000812 Homo sapiens miR-331 stem-loop;94;16;21;26;
>hsa-mir-128-2 MI0000727 Homo sapiens miR-128-2 stem-loop;84;17;19;20;
>hsa-mir-5708 MI0019316 Homo sapiens miR-5708 stem-loop;85;11;10;10;
>hsa-mir-5698 MI0019305 Homo sapiens miR-5698 stem-loop;72;2;2;2;
>hsa-mir-4454 MI0016800 Homo sapiens miR-4454 stem-loop;55;21;21;20;
>hsa-mir-3118-1 MI0014131 Homo sapiens miR-3118-1 stem-loop;75;3;5;5;
>hsa-mir-4756 MI0017397 Homo sapiens miR-4756 stem-loop;78;12;15;17;
>random_seq_from_cds__NO_69695;71;12;20;20;
>hsa-mir-3654 MI0016054 Homo sapiens miR-3654 stem-loop;56;19;24;28;
>random_seq_from_cds__NO_13655;84;51;55;55;
>hsa-mir-1243 MI0006373 Homo sapiens miR-1243 stem-loop;93;63;71;73;
>hsa-mir-378d-2 MI0003840 Homo sapiens miR-378d-2 stem-loop;98;33;42;46;
>hsa-mir-4498 MI0016860 Homo sapiens miR-4498 stem-loop;66;27;32;34;
>random_seq_from_cds__NO_69208;93;48;58;70;
>hsa-mir-887 MI0005562 Homo sapiens miR-887 stem-loop;79;7;8;13;
>random_seq_from_cds__NO_69204;84;42;54;56;
>random_seq_from_cds__NO_60871;69;31;35;35;
>hsa-mir-338 MI0000814 Homo sapiens miR-338 stem-loop;67;9;15;15;
>random_seq_from_cds__NO_61724;68;29;35;38;
>hsa-mir-1264 MI0003758 Homo sapiens miR-1264 stem-loop;69;19;29;31;
>random_seq_from_cds__NO_56372;92;57;66;68;
>hsa-mir-4670 MI0017301 Homo sapiens miR-4670 stem-loop;75;2;4;4;
>hsa-mir-3616 MI0016006 Homo sapiens miR-3616 stem-loop;92;10;9;8;
>random_seq_from_cds__NO_22153;71;32;33;37;
>hsa-mir-564 MI0003570 Homo sapiens miR-564 stem-loop;94;22;25;26;
>random_seq_from_cds__NO_13206;90;32;61;68;
>random_seq_from_cds__NO_13687;110;72;73;75;
>random_seq_from_cds__NO_51926;71;37;34;37;
>hsa-mir-4665 MI0017295 Homo sapiens miR-4665 stem-loop;79;15;16;19;
>hsa-mir-367 MI0000775 Homo sapiens miR-367 stem-loop;68;8;13;16;
>random_seq_from_cds__NO_68347;84;32;40;44;
>hsa-mir-3977 MI0016995 Homo sapiens miR-3977 stem-loop;70;35;38;39;
>hsa-mir-449b MI0003673 Homo sapiens miR-449b stem-loop;97;28;44;52;
>random_seq_from_cds__NO_45246;86;55;58;57;
>random_seq_from_cds__NO_6540;81;32;36;41;
>random_seq_from_cds__NO_57691;89;50;55;63;
>random_seq_from_cds__NO_3031;70;38;40;41;
>hsa-mir-5688 MI0019292 Homo sapiens miR-5688 stem-loop;83;4;3;3;
>random_seq_from_cds__NO_26981;86;51;53;56;
>hsa-mir-4725 MI0017362 Homo sapiens miR-4725 stem-loop;90;20;26;26;
>hsa-mir-4504 MI0016867 Homo sapiens miR-4504 stem-loop;92;4;6;9;
>random_seq_from_cds__NO_25653;87;53;58;60;
>hsa-mir-4255 MI0015863 Homo sapiens miR-4255 stem-loop;72;36;41;36;
>hsa-mir-3117 MI0014130 Homo sapiens miR-3117 stem-loop;78;23;24;30;
>hsa-mir-3169 MI0014200 Homo sapiens miR-3169 stem-loop;83;8;9;9;
>random_seq_from_cds__NO_35011;81;31;35;36;
>hsa-mir-4457 MI0016803 Homo sapiens miR-4457 stem-loop;68;5;5;5;
>random_seq_from_cds__NO_34168;84;49;55;60;
>hsa-mir-1284 MI0006431 Homo sapiens miR-1284 stem-loop;120;12;13;15;
>random_seq_from_cds__NO_61305;93;45;64;68;
>hsa-mir-635 MI0003650 Homo sapiens miR-635 stem-loop;98;37;55;65;
>random_seq_from_cds__NO_63969;110;69;71;72;
>hsa-mir-4301 MI0015828 Homo sapiens miR-4301 stem-loop;66;14;18;19;
>hsa-mir-412 MI0002464 Homo sapiens miR-412 stem-loop;91;23;24;25;
>hsa-mir-432 MI0003133 Homo sapiens miR-432 stem-loop;94;30;44;53;
>hsa-mir-5701-1 MI0019308 Homo sapiens miR-5701-1 stem-loop;82;13;13;15;
>hsa-mir-575 MI0003582 Homo sapiens miR-575 stem-loop;94;25;43;51;
>hsa-mir-4652 MI0017280 Homo sapiens miR-4652 stem-loop;78;10;12;14;
>hsa-mir-1262 MI0006397 Homo sapiens miR-1262 stem-loop;93;61;54;57;
>random_seq_from_cds__NO_69259;100;70;73;77;
>hsa-mir-484 MI0002468 Homo sapiens miR-484 stem-loop;79;28;39;41;
>hsa-mir-569 MI0003576 Homo sapiens miR-569 stem-loop;96;45;71;70;
>random_seq_from_cds__NO_34174;110;67;72;76;
>hsa-mir-218-1 MI0000294 Homo sapiens miR-218-1 stem-loop;110;16;21;22;
>hsa-mir-1254-1 MI0006388 Homo sapiens miR-1254-1 stem-loop;97;23;28;40;
>random_seq_from_cds__NO_26523;98;45;60;70;
>hsa-mir-4452 MI0016798 Homo sapiens miR-4452 stem-loop;71;2;2;2;
>hsa-mir-320c-1 MI0003778 Homo sapiens miR-320c-1 stem-loop;88;11;14;17;
>hsa-mir-3651 MI0016051 Homo sapiens miR-3651 stem-loop;90;62;67;66;
>hsa-mir-1181 MI0006274 Homo sapiens miR-1181 stem-loop;81;27;28;34;
>random_seq_from_cds__NO_72418;67;24;27;27;
>random_seq_from_cds__NO_13245;86;45;51;55;
>random_seq_from_cds__NO_14576;84;45;47;46;
>random_seq_from_cds__NO_37655;83;51;54;59;
>random_seq_from_cds__NO_62610;82;47;53;53;
>random_seq_from_cds__NO_34141;80;46;47;51;
>random_seq_from_cds__NO_33293;90;37;50;56;
>hsa-mir-509-3 MI0005717 Homo sapiens miR-509-3 stem-loop;75;9;13;14;
>hsa-mir-4321 MI0015852 Homo sapiens miR-4321 stem-loop;80;35;38;37;
>hsa-mir-4655 MI0017283 Homo sapiens miR-4655 stem-loop;74;8;8;10;
>random_seq_from_cds__NO_59449;84;34;40;37;
>random_seq_from_cds__NO_34149;65;14;21;23;
>hsa-mir-19b-1 MI0000074 Homo sapiens miR-19b-1 stem-loop;87;12;14;14;
>hsa-mir-3974 MI0016992 Homo sapiens miR-3974 stem-loop;96;52;66;64;
>hsa-mir-1299 MI0006359 Homo sapiens miR-1299 stem-loop;83;16;24;27;
>hsa-mir-4716 MI0017350 Homo sapiens miR-4716 stem-loop;84;3;3;4;
>random_seq_from_cds__NO_50636;84;38;56;64;
>random_seq_from_cds__NO_69246;89;59;68;65;
>hsa-mir-548ar MI0019131 Homo sapiens miR-548ar stem-loop;57;8;17;18;
>random_seq_from_cds__NO_15894;83;39;44;48;
>hsa-mir-551a MI0003556 Homo sapiens miR-551a stem-loop;96;16;19;20;
>hsa-mir-181a-2 MI0000269 Homo sapiens miR-181a-2 stem-loop;110;9;12;12;
>random_seq_from_cds__NO_55070;77;36;37;37;
>random_seq_from_cds__NO_16744;100;61;65;64;
>hsa-mir-4418 MI0016754 Homo sapiens miR-4418 stem-loop;62;20;23;27;
>hsa-mir-5702 MI0019309 Homo sapiens miR-5702 stem-loop;84;11;9;10;
>random_seq_from_cds__NO_26547;81;45;52;54;
>random_seq_from_cds__NO_70221;71;29;37;42;
>random_seq_from_cds__NO_40833;87;35;43;44;
>hsa-mir-4751 MI0017390 Homo sapiens miR-4751 stem-loop;74;24;28;35;
>random_seq_from_cds__NO_5648;64;28;31;34;
>random_seq_from_cds__NO_47464;77;47;47;51;
>random_seq_from_cds__NO_18924;84;54;55;54;
>random_seq_from_cds__NO_48792;87;41;47;52;
>hsa-mir-627 MI0003641 Homo sapiens miR-627 stem-loop;97;8;9;8;
>hsa-mir-21 MI0000077 Homo sapiens miR-21 stem-loop;72;10;10;13;
>random_seq_from_cds__NO_47833;79;30;37;40;
>random_seq_from_cds__NO_9664;110;70;74;75;
>random_seq_from_cds__NO_53285;87;39;52;55;
>random_seq_from_cds__NO_23869;86;40;50;53;
>random_seq_from_cds__NO_56791;77;35;36;37;
>hsa-mir-3920 MI0016427 Homo sapiens miR-3920 stem-loop;86;2;2;2;
>hsa-mir-507 MI0003194 Homo sapiens miR-507 stem-loop;94;14;19;25;
>random_seq_from_cds__NO_22530;102;52;57;61;
>random_seq_from_cds__NO_23860;90;49;54;55;
>random_seq_from_cds__NO_36701;80;13;17;18;
>random_seq_from_cds__NO_12731;89;54;60;56;
>hsa-mir-625 MI0003639 Homo sapiens miR-625 stem-loop;85;1;1;2;
>hsa-mir-3661 MI0016062 Homo sapiens miR-3661 stem-loop;96;27;25;26;
>random_seq_from_cds__NO_65259;85;51;55;52;
>hsa-mir-1193 MI0014205 Homo sapiens miR-1193 stem-loop;78;11;13;18;
>hsa-mir-4527 MI0016894 Homo sapiens miR-4527 stem-loop;70;11;15;19;
>random_seq_from_cds__NO_21675;82;35;44;48;
>random_seq_from_cds__NO_60801;97;68;71;71;
>random_seq_from_cds__NO_24703;83;42;47;49;
>hsa-mir-95 MI0000097 Homo sapiens miR-95 stem-loop;81;3;6;7;
>hsa-mir-718 MI0012489 Homo sapiens miR-718 stem-loop;70;20;25;29;
>random_seq_from_cds__NO_31027;110;72;71;71;
>random_seq_from_cds__NO_42151;110;60;69;70;
>random_seq_from_cds__NO_23408;85;41;43;43;
>hsa-mir-4532 MI0016899 Homo sapiens miR-4532 stem-loop;51;7;10;11;
>hsa-mir-3179-3 MI0014221 Homo sapiens miR-3179-3 stem-loop;84;2;2;3;
>hsa-mir-920 MI0005712 Homo sapiens miR-920 stem-loop;75;16;24;30;
>hsa-mir-767 MI0003763 Homo sapiens miR-767 stem-loop;109;14;17;18;
>hsa-mir-5583-2 MI0019140 Homo sapiens miR-5583-2 stem-loop;59;4;6;6;
>hsa-mir-4253 MI0015860 Homo sapiens miR-4253 stem-loop;68;26;33;39;
>random_seq_from_cds__NO_43452;95;70;73;75;
>hsa-mir-4676 MI0017307 Homo sapiens miR-4676 stem-loop;72;4;4;5;
>random_seq_from_cds__NO_67895;81;45;49;51;
>hsa-mir-4534 MI0016901 Homo sapiens miR-4534 stem-loop;60;9;12;14;
>random_seq_from_cds__NO_24721;81;42;44;46;
>random_seq_from_cds__NO_21696;84;43;51;54;
>random_seq_from_cds__NO_32331;97;48;53;59;
>random_seq_from_cds__NO_23876;84;39;44;41;
>random_seq_from_cds__NO_17197;82;43;48;50;
>hsa-mir-4749 MI0017388 Homo sapiens miR-4749 stem-loop;61;20;20;22;
>random_seq_from_cds__NO_9647;94;67;68;68;
>random_seq_from_cds__NO_45640;84;43;49;47;
>hsa-mir-4746 MI0017385 Homo sapiens miR-4746 stem-loop;71;20;23;29;
>random_seq_from_cds__NO_43038;86;52;57;58;
>random_seq_from_cds__NO_57202;68;30;32;28;
>random_seq_from_cds__NO_31052;88;46;55;53;
>hsa-mir-1343 MI0017320 Homo sapiens miR-1343 stem-loop;84;18;22;23;
>hsa-mir-4802 MI0017450 Homo sapiens miR-4802 stem-loop;80;11;15;16;
>random_seq_from_cds__NO_66150;110;63;70;73;
>hsa-mir-581 MI0003588 Homo sapiens miR-581 stem-loop;96;9;13;14;
>random_seq_from_cds__NO_68327;87;51;56;58;
>random_seq_from_cds__NO_12762;90;24;29;35;
>random_seq_from_cds__NO_44377;64;22;27;26;
>hsa-mir-597 MI0003609 Homo sapiens miR-597 stem-loop;97;19;21;20;
>random_seq_from_cds__NO_19392;87;60;64;59;
>random_seq_from_cds__NO_23899;88;55;55;62;
>hsa-mir-3664 MI0016065 Homo sapiens miR-3664 stem-loop;99;10;13;13;
>hsa-mir-498 MI0003142 Homo sapiens miR-498 stem-loop;124;9;8;9;
>random_seq_from_cds__NO_23890;71;37;37;41;
>random_seq_from_cds__NO_8775;72;35;41;38;
>hsa-mir-3164 MI0014194 Homo sapiens miR-3164 stem-loop;83;9;7;8;
>hsa-mir-4718 MI0017353 Homo sapiens miR-4718 stem-loop;51;4;8;15;
>hsa-mir-18b MI0001518 Homo sapiens miR-18b stem-loop;71;29;32;36;
>random_seq_from_cds__NO_58524;89;51;57;55;
>hsa-mir-548ak MI0016840 Homo sapiens miR-548ak stem-loop;57;1;1;1;
>hsa-mir-371b MI0017393 Homo sapiens miR-371b stem-loop;66;8;11;13;
>random_seq_from_cds__NO_32398;84;43;43;48;
>hsa-mir-641 MI0003656 Homo sapiens miR-641 stem-loop;99;10;12;14;
>hsa-mir-4282 MI0015890 Homo sapiens miR-4282 stem-loop;67;7;9;12;
>random_seq_from_cds__NO_10585;110;70;68;66;
>random_seq_from_cds__NO_29199;73;35;38;39;
>hsa-mir-3657 MI0016057 Homo sapiens miR-3657 stem-loop;117;10;13;16;
>random_seq_from_cds__NO_46526;86;58;61;65;
>random_seq_from_cds__NO_13640;75;39;44;43;
>random_seq_from_cds__NO_34542;84;50;53;59;
>hsa-mir-765 MI0005116 Homo sapiens miR-765 stem-loop;114;67;60;61;
>random_seq_from_cds__NO_26957;94;57;62;61;
>hsa-mir-3132 MI0014152 Homo sapiens miR-3132 stem-loop;75;7;10;16;
>random_seq_from_cds__NO_3058;81;44;46;46;
>random_seq_from_cds__NO_56335;81;43;48;50;
>hsa-mir-5092 MI0017981 Homo sapiens miR-5092 stem-loop;88;10;15;15;
>random_seq_from_cds__NO_22111;84;51;57;55;
>hsa-mir-3910-1 MI0016414 Homo sapiens miR-3910-1 stem-loop;111;13;16;18;
>hsa-mir-548a-1 MI0003593 Homo sapiens miR-548a-1 stem-loop;97;21;38;45;
>random_seq_from_cds__NO_36726;84;47;57;60;
>hsa-mir-638 MI0003653 Homo sapiens miR-638 stem-loop;100;62;69;71;
>hsa-mir-4461 MI0016807 Homo sapiens miR-4461 stem-loop;74;33;40;49;
>random_seq_from_cds__NO_48717;100;69;78;78;
>hsa-mir-1205 MI0006338 Homo sapiens miR-1205 stem-loop;63;17;20;22;
>hsa-mir-873 MI0005564 Homo sapiens miR-873 stem-loop;77;10;9;12;
>random_seq_from_cds__NO_24766;72;32;34;38;
>hsa-mir-4668 MI0017298 Homo sapiens miR-4668 stem-loop;70;12;13;16;
>hsa-mir-4781 MI0017426 Homo sapiens miR-4781 stem-loop;76;1;2;2;
>random_seq_from_cds__NO_63090;110;73;68;69;
>random_seq_from_cds__NO_58503;75;22;22;24;
>random_seq_from_cds__NO_23431;81;34;35;34;
>random_seq_from_cds__NO_65275;72;29;35;39;
>hsa-mir-4476 MI0016828 Homo sapiens miR-4476 stem-loop;70;6;7;8;
>hsa-mir-24-1 MI0000080 Homo sapiens miR-24-1 stem-loop;68;17;16;18;
>random_seq_from_cds__NO_64456;65;16;21;28;
>random_seq_from_cds__NO_16377;81;41;49;49;
>hsa-mir-606 MI0003619 Homo sapiens miR-606 stem-loop;96;5;9;10;
>hsa-mir-421 MI0003685 Homo sapiens miR-421 stem-loop;85;7;8;11;
>random_seq_from_cds__NO_72076;95;63;66;72;
>hsa-mir-3119-2 MI0014135 Homo sapiens miR-3119-2 stem-loop;85;9;10;10;
>random_seq_from_cds__NO_30204;71;38;40;44;
>hsa-mir-4508 MI0016872 Homo sapiens miR-4508 stem-loop;70;34;30;33;
>hsa-mir-589 MI0003599 Homo sapiens miR-589 stem-loop;99;24;27;35;
>random_seq_from_cds__NO_53324;71;35;42;45;
>hsa-mir-134 MI0000474 Homo sapiens miR-134 stem-loop;73;14;16;17;
>random_seq_from_cds__NO_292;78;45;48;48;
>random_seq_from_cds__NO_27020;94;70;75;74;
>random_seq_from_cds__NO_28352;95;53;68;73;
>random_seq_from_cds__NO_3959;67;23;30;36;
>hsa-mir-4322 MI0015851 Homo sapiens miR-4322 stem-loop;73;26;29;32;
>hsa-mir-542 MI0003686 Homo sapiens miR-542 stem-loop;97;27;32;36;
>hsa-mir-337 MI0000806 Homo sapiens miR-337 stem-loop;93;8;9;11;
>hsa-mir-212 MI0000288 Homo sapiens miR-212 stem-loop;110;44;65;70;
>hsa-mir-1825 MI0008193 Homo sapiens miR-1825 stem-loop;53;8;10;12;
>hsa-mir-3675 MI0016076 Homo sapiens miR-3675 stem-loop;73;16;23;30;
>hsa-mir-346 MI0000826 Homo sapiens miR-346 stem-loop;95;22;35;45;
>random_seq_from_cds__NO_29673;100;70;77;79;
>random_seq_from_cds__NO_54646;84;50;56;58;
>hsa-mir-1302-6 MI0006367 Homo sapiens miR-1302-6 stem-loop;90;28;31;33;
>hsa-mir-532 MI0003205 Homo sapiens miR-532 stem-loop;91;40;49;53;
>hsa-mir-3670-2 MI0019112 Homo sapiens miR-3670-2 stem-loop;65;11;18;22;
>random_seq_from_cds__NO_60081;84;49;49;54;
>random_seq_from_cds__NO_67942;85;48;53;56;
>random_seq_from_cds__NO_62257;80;40;46;47;
>random_seq_from_cds__NO_63587;68;33;36;37;
>hsa-mir-548at MI0019137 Homo sapiens miR-548at stem-loop;58;2;3;4;
>hsa-mir-3925 MI0016433 Homo sapiens miR-3925 stem-loop;77;8;8;8;
>random_seq_from_cds__NO_66616;75;24;30;36;
>hsa-mir-619 MI0003633 Homo sapiens miR-619 stem-loop;99;68;78;78;
>hsa-mir-5571 MI0019115 Homo sapiens miR-5571 stem-loop;113;22;27;30;
>random_seq_from_cds__NO_55964;95;68;71;70;
>random_seq_from_cds__NO_31514;80;37;48;47;
>random_seq_from_cds__NO_50276;81;47;53;57;
>hsa-mir-769 MI0003834 Homo sapiens miR-769 stem-loop;118;52;51;59;
>random_seq_from_cds__NO_51121;89;51;55;53;
>hsa-mir-4294 MI0015827 Homo sapiens miR-4294 stem-loop;76;15;18;20;
>random_seq_from_cds__NO_31992;77;45;47;46;
>hsa-mir-374b MI0005566 Homo sapiens miR-374b stem-loop;72;7;8;7;
>random_seq_from_cds__NO_3933;82;34;40;39;
>hsa-mir-4662b MI0017293 Homo sapiens miR-4662b stem-loop;81;5;9;10;
>hsa-mir-6083 MI0020360 Homo sapiens miR-6083 stem-loop;106;67;65;71;
>random_seq_from_cds__NO_27042;78;39;44;42;
>random_seq_from_cds__NO_47099;86;47;48;47;
>random_seq_from_cds__NO_27041;70;34;43;46;
>hsa-mir-6134 MI0021279 Homo sapiens miR-6134 stem-loop;109;56;64;60;
>random_seq_from_cds__NO_21738;100;59;61;63;
>random_seq_from_cds__NO_17238;90;38;58;60;
>hsa-mir-202 MI0003130 Homo sapiens miR-202 stem-loop;110;12;15;18;
>random_seq_from_cds__NO_15058;90;59;61;60;
>random_seq_from_cds__NO_51592;84;42;48;52;
>hsa-mir-4660 MI0017288 Homo sapiens miR-4660 stem-loop;74;14;20;21;
>random_seq_from_cds__NO_53777;81;46;46;47;
>hsa-mir-214 MI0000290 Homo sapiens miR-214 stem-loop;110;12;13;13;
>random_seq_from_cds__NO_43980;90;37;40;45;
>random_seq_from_cds__NO_51118;71;32;33;35;
>hsa-mir-676 MI0016436 Homo sapiens miR-676 stem-loop;67;4;6;6;
>hsa-mir-5585 MI0019142 Homo sapiens miR-5585 stem-loop;59;8;10;13;
>hsa-mir-6721 MI0022556 Homo sapiens miR-6721 stem-loop;87;46;51;54;
>random_seq_from_cds__NO_6192;110;67;71;73;
>hsa-mir-1236 MI0006326 Homo sapiens miR-1236 stem-loop;102;37;45;55;
>random_seq_from_cds__NO_17263;84;45;51;54;
>hsa-mir-572 MI0003579 Homo sapiens miR-572 stem-loop;95;26;44;49;
>hsa-mir-98 MI0000100 Homo sapiens miR-98 stem-loop;119;13;16;17;
>random_seq_from_cds__NO_39055;73;24;30;32;
>hsa-mir-493 MI0003132 Homo sapiens miR-493 stem-loop;89;12;14;14;
>random_seq_from_cds__NO_55544;78;45;46;49;
>hsa-mir-2909 MI0013083 Homo sapiens miR-2909 stem-loop;69;21;26;31;
>hsa-mir-4441 MI0016784 Homo sapiens miR-4441 stem-loop;100;18;18;17;
>hsa-mir-944 MI0005769 Homo sapiens miR-944 stem-loop;88;9;11;10;
>random_seq_from_cds__NO_66664;99;64;75;73;
>random_seq_from_cds__NO_40058;88;41;50;54;
>hsa-mir-193a MI0000487 Homo sapiens miR-193a stem-loop;88;12;13;15;
>random_seq_from_cds__NO_7051;96;65;65;68;
>hsa-mir-1249 MI0006384 Homo sapiens miR-1249 stem-loop;66;13;14;16;
>hsa-mir-4267 MI0015871 Homo sapiens miR-4267 stem-loop;82;31;31;34;
>hsa-mir-1290 MI0006352 Homo sapiens miR-1290 stem-loop;78;31;33;37;
>random_seq_from_cds__NO_57718;71;38;40;40;
>hsa-mir-3198-2 MI0017335 Homo sapiens miR-3198-2 stem-loop;80;5;6;6;
>hsa-mir-4689 MI0017322 Homo sapiens miR-4689 stem-loop;70;5;5;8;
>random_seq_from_cds__NO_19461;84;46;60;65;
>random_seq_from_cds__NO_67509;90;55;64;66;
>hsa-mir-181d MI0003139 Homo sapiens miR-181d stem-loop;137;17;25;28;
>hsa-mir-1256 MI0006390 Homo sapiens miR-1256 stem-loop;119;44;50;55;
>hsa-mir-6077-2 MI0023562 Homo sapiens miR-6077-2 stem-loop;82;17;28;42;
>hsa-mir-409 MI0001735 Homo sapiens miR-409 stem-loop;79;9;14;14;
>hsa-mir-5684 MI0019285 Homo sapiens miR-5684 stem-loop;65;3;5;6;
>hsa-mir-4632 MI0017259 Homo sapiens miR-4632 stem-loop;61;9;13;15;
>hsa-mir-508 MI0003195 Homo sapiens miR-508 stem-loop;115;24;26;32;
>random_seq_from_cds__NO_11983;89;48;51;58;
>random_seq_from_cds__NO_3908;72;30;32;36;
>hsa-mir-630 MI0003644 Homo sapiens miR-630 stem-loop;97;46;65;63;
>hsa-mir-4259 MI0015858 Homo sapiens miR-4259 stem-loop;101;55;64;65;
>hsa-mir-3195 MI0014240 Homo sapiens miR-3195 stem-loop;84;37;40;41;
>random_seq_from_cds__NO_42218;89;47;47;50;
>hsa-mir-5188 MI0018167 Homo sapiens miR-5188 stem-loop;113;22;26;32;
>hsa-mir-375 MI0000783 Homo sapiens miR-375 stem-loop;64;18;18;19;
>random_seq_from_cds__NO_31562;68;25;30;32;
>hsa-mir-4480 MI0016841 Homo sapiens miR-4480 stem-loop;71;14;11;10;
>hsa-mir-3150a MI0014177 Homo sapiens miR-3150a stem-loop;80;4;4;5;
>random_seq_from_cds__NO_3903;110;71;71;70;
>random_seq_from_cds__NO_58173;85;65;69;68;
>random_seq_from_cds__NO_36386;86;54;66;65;
>hsa-mir-497 MI0003138 Homo sapiens miR-497 stem-loop;112;34;46;49;
>hsa-mir-4728 MI0017365 Homo sapiens miR-4728 stem-loop;67;11;12;20;
>hsa-mir-7-1 MI0000263 Homo sapiens miR-7-1 stem-loop;110;19;22;30;
>random_seq_from_cds__NO_11087;87;40;54;56;
>hsa-mir-500a MI0003184 Homo sapiens miR-500a stem-loop;84;17;18;19;
>hsa-mir-1285-2 MI0006347 Homo sapiens miR-1285-2 stem-loop;88;46;52;54;
>hsa-mir-2355 MI0015873 Homo sapiens miR-2355 stem-loop;87;11;22;27;
>hsa-mir-126 MI0000471 Homo sapiens miR-126 stem-loop;85;7;7;9;
>random_seq_from_cds__NO_4886;65;31;32;29;
>random_seq_from_cds__NO_30607;92;46;53;60;
>random_seq_from_cds__NO_18957;80;48;51;56;
>hsa-mir-4312 MI0015842 Homo sapiens miR-4312 stem-loop;76;14;14;19;
>hsa-mir-4736 MI0017373 Homo sapiens miR-4736 stem-loop;47;26;35;36;
>random_seq_from_cds__NO_39423;82;37;46;46;
>hsa-mir-933 MI0005755 Homo sapiens miR-933 stem-loop;77;17;22;29;
>hsa-mir-425 MI0001448 Homo sapiens miR-425 stem-loop;87;18;26;34;
>random_seq_from_cds__NO_41746;88;42;65;67;
>hsa-mir-302f MI0006418 Homo sapiens miR-302f stem-loop;51;9;17;14;
>random_seq_from_cds__NO_50684;84;20;27;35;
>hsa-mir-3940 MI0016597 Homo sapiens miR-3940 stem-loop;102;28;31;32;
>hsa-mir-1268b MI0016748 Homo sapiens miR-1268b stem-loop;50;17;19;18;
>hsa-mir-1293 MI0006355 Homo sapiens miR-1293 stem-loop;71;3;5;6;
>hsa-mir-561 MI0003567 Homo sapiens miR-561 stem-loop;97;5;6;8;
>hsa-mir-1537 MI0007258 Homo sapiens miR-1537 stem-loop;61;3;3;7;
>random_seq_from_cds__NO_46198;110;72;71;67;
>hsa-mir-4791 MI0017438 Homo sapiens miR-4791 stem-loop;84;15;19;23;
>random_seq_from_cds__NO_63982;67;35;36;39;
>hsa-mir-495 MI0003135 Homo sapiens miR-495 stem-loop;82;7;12;16;
>hsa-mir-4772 MI0017414 Homo sapiens miR-4772 stem-loop;78;3;3;3;
>hsa-mir-2964a MI0017299 Homo sapiens miR-2964a stem-loop;88;23;29;40;
>hsa-mir-135b MI0000810 Homo sapiens miR-135b stem-loop;97;17;16;16;
>hsa-mir-135a-2 MI0000453 Homo sapiens miR-135a-2 stem-loop;100;18;28;31;
>hsa-mir-139 MI0000261 Homo sapiens miR-139 stem-loop;68;11;15;15;
>random_seq_from_cds__NO_1352;82;38;46;47;
>hsa-mir-3157 MI0014185 Homo sapiens miR-3157 stem-loop;85;11;13;13;
>hsa-mir-3199-2 MI0014248 Homo sapiens miR-3199-2 stem-loop;86;3;3;3;
>hsa-mir-329-1 MI0001725 Homo sapiens miR-329-1 stem-loop;80;5;6;7;
>random_seq_from_cds__NO_26115;67;32;35;38;
>random_seq_from_cds__NO_2686;86;55;61;66;
>hsa-mir-3192 MI0014237 Homo sapiens miR-3192 stem-loop;77;8;9;11;
>hsa-mir-4269 MI0015875 Homo sapiens miR-4269 stem-loop;84;17;31;36;
>hsa-mir-574 MI0003581 Homo sapiens miR-574 stem-loop;96;14;16;19;
>random_seq_from_cds__NO_53707;101;74;71;73;
>hsa-mir-4518 MI0016884 Homo sapiens miR-4518 stem-loop;83;41;48;47;
>random_seq_from_cds__NO_20800;94;61;58;67;
>random_seq_from_cds__NO_39883;84;52;51;52;
>hsa-mir-3201 MI0014250 Homo sapiens miR-3201 stem-loop;52;3;4;4;
>hsa-mir-4512 MI0016878 Homo sapiens miR-4512 stem-loop;77;3;6;6;
>random_seq_from_cds__NO_39404;84;48;46;53;
>random_seq_from_cds__NO_14124;106;78;79;82;
>hsa-mir-4685 MI0017317 Homo sapiens miR-4685 stem-loop;69;8;12;17;
>random_seq_from_cds__NO_57295;89;55;61;64;
>hsa-mir-762 MI0003892 Homo sapiens miR-762 stem-loop;83;19;20;20;
>random_seq_from_cds__NO_7901;96;58;64;68;
>random_seq_from_cds__NO_50668;89;57;60;62;
>random_seq_from_cds__NO_51516;95;65;65;64;
>random_seq_from_cds__NO_50669;77;33;35;39;
>hsa-mir-3129 MI0014146 Homo sapiens miR-3129 stem-loop;76;4;3;3;
>random_seq_from_cds__NO_37229;83;34;39;44;
>hsa-mir-17 MI0000071 Homo sapiens miR-17 stem-loop;84;20;26;30;
>hsa-mir-3189 MI0014233 Homo sapiens miR-3189 stem-loop;73;12;16;18;
>hsa-mir-1281 MI0006428 Homo sapiens miR-1281 stem-loop;54;4;6;6;
>hsa-mir-3912 MI0016416 Homo sapiens miR-3912 stem-loop;105;4;10;11;
>random_seq_from_cds__NO_65743;70;32;33;29;
>hsa-mir-744 MI0005559 Homo sapiens miR-744 stem-loop;98;30;42;47;
>hsa-mir-138-1 MI0000476 Homo sapiens miR-138-1 stem-loop;99;12;11;10;
>hsa-mir-186 MI0000483 Homo sapiens miR-186 stem-loop;86;5;6;8;
>hsa-mir-4730 MI0017367 Homo sapiens miR-4730 stem-loop;76;24;29;33;
>random_seq_from_cds__NO_51101;70;30;34;35;
>random_seq_from_cds__NO_71181;86;49;58;67;
>random_seq_from_cds__NO_32829;73;35;42;46;
>hsa-mir-378g MI0016761 Homo sapiens miR-378g stem-loop;41;3;5;6;
>random_seq_from_cds__NO_62222;68;32;38;41;
>random_seq_from_cds__NO_61379;67;22;27;32;
>hsa-mir-668 MI0003761 Homo sapiens miR-668 stem-loop;66;10;18;20;
>random_seq_from_cds__NO_41306;110;81;82;80;
>hsa-mir-152 MI0000462 Homo sapiens miR-152 stem-loop;87;20;18;19;
>hsa-mir-4646 MI0017273 Homo sapiens miR-4646 stem-loop;63;4;11;11;
>random_seq_from_cds__NO_51578;72;34;40;43;
>random_seq_from_cds__NO_4855;110;48;61;76;
>random_seq_from_cds__NO_17658;73;23;28;30;
>hsa-mir-664a MI0006442 Homo sapiens miR-664 stem-loop;82;11;14;18;
>hsa-mir-187 MI0000274 Homo sapiens miR-187 stem-loop;109;44;49;49;
>random_seq_from_cds__NO_60030;68;29;30;30;
>random_seq_from_cds__NO_37253;82;41;51;51;
>random_seq_from_cds__NO_62693;90;71;73;71;
>random_seq_from_cds__NO_38589;69;32;35;41;
>hsa-mir-423 MI0001445 Homo sapiens miR-423 stem-loop;94;12;13;14;
>random_seq_from_cds__NO_72010;78;39;45;49;
>hsa-mir-559 MI0003565 Homo sapiens miR-559 stem-loop;96;4;6;7;
>hsa-mir-3115 MI0014127 Homo sapiens miR-3115 stem-loop;68;8;12;14;
>hsa-mir-448 MI0001637 Homo sapiens miR-448 stem-loop;111;24;24;25;
>random_seq_from_cds__NO_26159;86;39;42;48;
>hsa-mir-4251 MI0015861 Homo sapiens miR-4251 stem-loop;61;18;25;25;
>random_seq_from_cds__NO_30629;75;33;34;32;
>hsa-mir-4308 MI0015839 Homo sapiens miR-4308 stem-loop;81;10;11;13;
>hsa-mir-4635 MI0017262 Homo sapiens miR-4635 stem-loop;79;14;16;16;
>hsa-mir-3620 MI0016011 Homo sapiens miR-3620 stem-loop;79;21;28;33;
>hsa-mir-4786 MI0017433 Homo sapiens miR-4786 stem-loop;80;17;18;20;
>hsa-mir-4760 MI0017401 Homo sapiens miR-4760 stem-loop;80;10;11;11;
>hsa-mir-4426 MI0016765 Homo sapiens miR-4426 stem-loop;63;27;34;32;
>random_seq_from_cds__NO_43946;73;33;36;40;
>hsa-mir-4323 MI0015853 Homo sapiens miR-4323 stem-loop;69;8;15;17;
>hsa-mir-6131 MI0021276 Homo sapiens miR-6131 stem-loop;109;73;76;74;
>hsa-mir-4682 MI0017314 Homo sapiens miR-4682 stem-loop;80;12;15;17;
>random_seq_from_cds__NO_55911;81;40;50;51;
>random_seq_from_cds__NO_48391;79;41;45;47;
>random_seq_from_cds__NO_53733;80;51;52;54;
>random_seq_from_cds__NO_29656;95;46;77;84;
>hsa-mir-4486 MI0016847 Homo sapiens miR-4486 stem-loop;63;17;21;25;
>hsa-mir-3126 MI0014143 Homo sapiens miR-3126 stem-loop;74;15;15;16;
>hsa-mir-4538 MI0016909 Homo sapiens miR-4538 stem-loop;78;25;24;25;
>random_seq_from_cds__NO_4838;84;33;51;53;
